,vacancy,salary,link,site
0,Data Scientist (команда Поиска),от 350 000 ₽,https://hh.ru/vacancy/90547943?query=data+scientist&hhtmFrom=vacancy_search_list,hh.ru
1,"Data Scientist в направление ""Работодатели""",ЗП не указана,https://hh.ru/vacancy/90547878?query=data+scientist&hhtmFrom=vacancy_search_list,hh.ru
2,Data scientist / Аналитик данных HR-проектов,ЗП не указана,https://hh.ru/vacancy/92357631?query=data+scientist&hhtmFrom=vacancy_search_list,hh.ru
3,Data scientist,от 150 000 ₽,https://hh.ru/vacancy/91945134?query=data+scientist&hhtmFrom=vacancy_search_list,hh.ru
4,Junior Data Scientist в Блок Финансы (LLM),ЗП не указана,https://hh.ru/vacancy/92401159?query=data+scientist&hhtmFrom=vacancy_search_list,hh.ru
5,Аналитик / Data scientist,ЗП не указана,https://hh.ru/vacancy/91834791?query=data+scientist&hhtmFrom=vacancy_search_list,hh.ru
6,Data Scientist (DataLab),130 000 – 200 000 ₽,https://hh.ru/vacancy/91000409?query=data+scientist&hhtmFrom=vacancy_search_list,hh.ru
7,Data Scientist,ЗП не указана,https://hh.ru/vacancy/92126316?query=data+scientist&hhtmFrom=vacancy_search_list,hh.ru
8,Data Scientist,ЗП не указана,https://hh.ru/vacancy/91789730?query=data+scientist&hhtmFrom=vacancy_search_list,hh.ru
9,Data Scientist (DataProd),150 000 – 230 000 ₽,https://hh.ru/vacancy/91000315?query=data+scientist&hhtmFrom=vacancy_search_list,hh.ru
10,Data Scientist / Аналитик Data Science,ЗП не указана,https://hh.ru/vacancy/91939680?query=data+scientist&hhtmFrom=vacancy_search_list,hh.ru
11,Data Scientist (Middle),ЗП не указана,https://hh.ru/vacancy/92228105?query=data+scientist&hhtmFrom=vacancy_search_list,hh.ru
12,Data Scientist / ML engineer,ЗП не указана,https://hh.ru/vacancy/92355072?query=data+scientist&hhtmFrom=vacancy_search_list,hh.ru
13,Data scientist,ЗП не указана,https://hh.ru/vacancy/91467319?query=data+scientist&hhtmFrom=vacancy_search_list,hh.ru
14,Аналитик скоринга / Data Scientist,ЗП не указана,https://hh.ru/vacancy/92421850?query=data+scientist&hhtmFrom=vacancy_search_list,hh.ru
15,Data Scientist (ОСАГО),ЗП не указана,https://hh.ru/vacancy/92361526?query=data+scientist&hhtmFrom=vacancy_search_list,hh.ru
16,Data analyst/Data Scientist,от 120 000 ₽,https://hh.ru/vacancy/91803563?query=data+scientist&hhtmFrom=vacancy_search_list,hh.ru
17,Стажер Data scientist,ЗП не указана,https://hh.ru/vacancy/92150169?query=data+scientist&hhtmFrom=vacancy_search_list,hh.ru
18,Data scientist NLP,ЗП не указана,https://hh.ru/vacancy/92414321?query=data+scientist&hhtmFrom=vacancy_search_list,hh.ru
19,Data scientist (Персонализация),ЗП не указана,https://hh.ru/vacancy/91273843?query=data+scientist&hhtmFrom=vacancy_search_list,hh.ru
20,Data Scientist middle+/Senior,250 000 – 400 000 ₽,https://hh.ru/vacancy/91935463?query=data+scientist&hhtmFrom=vacancy_search_list,hh.ru
21,Data Scientist,ЗП не указана,https://hh.ru/vacancy/92151856?query=data+scientist&hhtmFrom=vacancy_search_list,hh.ru
22,Специалист (Data Scientist),ЗП не указана,https://hh.ru/vacancy/91618313?query=data+scientist&hhtmFrom=vacancy_search_list,hh.ru
23,"Data Scientist, LLM & Generative AI",от 400 000 ₽,https://hh.ru/vacancy/92255383?query=data+scientist&hhtmFrom=vacancy_search_list,hh.ru
24,Data Scientist,ЗП не указана,https://hh.ru/vacancy/90711470?query=data+scientist&hhtmFrom=vacancy_search_list,hh.ru
25,Data Scientist,ЗП не указана,https://hh.ru/vacancy/91327986?query=data+scientist&hhtmFrom=vacancy_search_list,hh.ru
26,Data Scientist (NLP),ЗП не указана,https://hh.ru/vacancy/92421708?query=data+scientist&hhtmFrom=vacancy_search_list,hh.ru
27,Data Scientist (LLM),ЗП не указана,https://hh.ru/vacancy/92362302?query=data+scientist&hhtmFrom=vacancy_search_list,hh.ru
28,Data engineer / Data Scientist / Data Analyst,ЗП не указана,https://hh.ru/vacancy/91319299?query=data+scientist&hhtmFrom=vacancy_search_list,hh.ru
29,Data scientist,ЗП не указана,https://hh.ru/vacancy/92208935?query=data+scientist&hhtmFrom=vacancy_search_list,hh.ru
30,Data Scientist (специалист по исследованию больших данных),ЗП не указана,https://hh.ru/vacancy/92209694?query=data+scientist&hhtmFrom=vacancy_search_list,hh.ru
31,Machine Learning Data Scientist - Geoscience,ЗП не указана,https://hh.ru/vacancy/91398224?query=data+scientist&hhtmFrom=vacancy_search_list,hh.ru
32,Data Scientist (Middle / Middle+),ЗП не указана,https://hh.ru/vacancy/92326175?query=data+scientist&hhtmFrom=vacancy_search_list,hh.ru
33,Data Scientist,ЗП не указана,https://hh.ru/vacancy/92229694?query=data+scientist&hhtmFrom=vacancy_search_list,hh.ru
34,Data Scientist (CoreML + RecSys),ЗП не указана,https://hh.ru/vacancy/90479493?query=data+scientist&hhtmFrom=vacancy_search_list,hh.ru
35,ML Data Scientist/Консультант/Project Manager,130 000 – 200 000 ₽,https://hh.ru/vacancy/91375605?query=data+scientist&hhtmFrom=vacancy_search_list,hh.ru
36,Data Scientist,ЗП не указана,https://hh.ru/vacancy/92133282?query=data+scientist&hhtmFrom=vacancy_search_list,hh.ru
37,Data Scientist,ЗП не указана,https://hh.ru/vacancy/89237775?query=data+scientist&hhtmFrom=vacancy_search_list,hh.ru
38,Data Scientist в центр исследований блока Риски Сбера,ЗП не указана,https://hh.ru/vacancy/92334086?query=data+scientist&hhtmFrom=vacancy_search_list,hh.ru
39,Data scientist NLP,ЗП не указана,https://hh.ru/vacancy/92188156?query=data+scientist&hhtmFrom=vacancy_search_list,hh.ru
40,Data Scientist (middle/senior),до 450 000 ₽,https://hh.ru/vacancy/91277705?query=data+scientist&hhtmFrom=vacancy_search_list,hh.ru
41,Middle / Senior Data scientist,ЗП не указана,https://hh.ru/vacancy/92361703?query=data+scientist&hhtmFrom=vacancy_search_list,hh.ru
42,Data Scientist,ЗП не указана,https://hh.ru/vacancy/92358118?query=data+scientist&hhtmFrom=vacancy_search_list,hh.ru
43,ML engineer / Data scientist,ЗП не указана,https://hh.ru/vacancy/91144426?query=data+scientist&hhtmFrom=vacancy_search_list,hh.ru
44,Ведущий аналитик данных / Data Scientist в направление R&D,230 000 – 300 000 ₽,https://hh.ru/vacancy/91477269?query=data+scientist&hhtmFrom=vacancy_search_list,hh.ru
45,Data Scientist,ЗП не указана,https://hh.ru/vacancy/89195334?query=data+scientist&hhtmFrom=vacancy_search_list,hh.ru
46,Data scientist Middle\Senior (кредитный скоринг),ЗП не указана,https://hh.ru/vacancy/91349936?query=data+scientist&hhtmFrom=vacancy_search_list,hh.ru
47,Data Scientist,ЗП не указана,https://hh.ru/vacancy/92191377?query=data+scientist&hhtmFrom=vacancy_search_list,hh.ru
48,Data Scientist (Middle+) в промышленности,ЗП не указана,https://hh.ru/vacancy/91125361?query=data+scientist&hhtmFrom=vacancy_search_list,hh.ru
49,Middle Data scientist (Аудио аналитика),ЗП не указана,https://hh.ru/vacancy/91942290?query=data+scientist&hhtmFrom=vacancy_search_list,hh.ru
50,Senior Data Scientist (Computer Vision),до 350 000 ₽,https://hh.ru/vacancy/92261911?query=data+scientist&hhtmFrom=vacancy_search_list,hh.ru
51,Data Scientist / ML-инженер (Big Data),ЗП не указана,https://hh.ru/vacancy/92248678?query=data+scientist&hhtmFrom=vacancy_search_list,hh.ru
52,Data Scientist,ЗП не указана,https://hh.ru/vacancy/92216009?query=data+scientist&hhtmFrom=vacancy_search_list,hh.ru
53,Data Scientist,ЗП не указана,https://hh.ru/vacancy/92140555?query=data+scientist&hhtmFrom=vacancy_search_list,hh.ru
54,Data scientist в поиск Маркета,ЗП не указана,https://hh.ru/vacancy/92279522?query=data+scientist&hhtmFrom=vacancy_search_list,hh.ru
55,Middle+ Data Scientist NLP GigaChat,ЗП не указана,https://hh.ru/vacancy/92363256?query=data+scientist&hhtmFrom=vacancy_search_list,hh.ru
56,Разработчик-исследователь / Data Scientist в Data Office,ЗП не указана,https://hh.ru/vacancy/91920877?query=data+scientist&hhtmFrom=vacancy_search_list,hh.ru
57,Data Scientist (middle),ЗП не указана,https://hh.ru/vacancy/92132624?query=data+scientist&hhtmFrom=vacancy_search_list,hh.ru
58,Data Scientist,ЗП не указана,https://hh.ru/vacancy/92110580?query=data+scientist&hhtmFrom=vacancy_search_list,hh.ru
59,Data Scientist,ЗП не указана,https://hh.ru/vacancy/90735443?query=data+scientist&hhtmFrom=vacancy_search_list,hh.ru
60,Lead data scientist (Анализ цены и Trade in),ЗП не указана,https://hh.ru/vacancy/87899403?query=data+scientist&hhtmFrom=vacancy_search_list,hh.ru
61,Senior Data Scientist,от 300 000 ₽,https://hh.ru/vacancy/89393878?query=data+scientist&hhtmFrom=vacancy_search_list,hh.ru
62,Data scientist / Аналитик риск-моделей,120 000 – 300 000 ₽,https://hh.ru/vacancy/92069098?query=data+scientist&hhtmFrom=vacancy_search_list,hh.ru
63,Data scientist (ML),ЗП не указана,https://hh.ru/vacancy/92134457?query=data+scientist&hhtmFrom=vacancy_search_list,hh.ru
64,Эконометрист / Data scientist,ЗП не указана,https://hh.ru/vacancy/90553763?query=data+scientist&hhtmFrom=vacancy_search_list,hh.ru
65,Data Scientist (NLP AI),ЗП не указана,https://hh.ru/vacancy/91113478?query=data+scientist&hhtmFrom=vacancy_search_list,hh.ru
66,Middle+ Data Scientist NLP GigaChat,ЗП не указана,https://hh.ru/vacancy/92363452?query=data+scientist&hhtmFrom=vacancy_search_list,hh.ru
67,Senior Data Scientist,ЗП не указана,https://hh.ru/vacancy/92417579?query=data+scientist&hhtmFrom=vacancy_search_list,hh.ru
68,Senior Data Scientist (computer vision),ЗП не указана,https://hh.ru/vacancy/91933927?query=data+scientist&hhtmFrom=vacancy_search_list,hh.ru
69,Middle Data Scientist в SberData,ЗП не указана,https://hh.ru/vacancy/92181808?query=data+scientist&hhtmFrom=vacancy_search_list,hh.ru
70,Senior Data Scientist (Прогноз заказов),ЗП не указана,https://hh.ru/vacancy/92211891?query=data+scientist&hhtmFrom=vacancy_search_list,hh.ru
71,Data Scientist (главный исследователь данных по КАСКО),ЗП не указана,https://hh.ru/vacancy/92139066?query=data+scientist&hhtmFrom=vacancy_search_list,hh.ru
72,Data Scientist NLP,ЗП не указана,https://hh.ru/vacancy/92037404?query=data+scientist&hhtmFrom=vacancy_search_list,hh.ru
73,Data Scientist (ML),4 000 – 4 500 $,https://hh.ru/vacancy/91901958?query=data+scientist&hhtmFrom=vacancy_search_list,hh.ru
74,Data Scientist / Валидация,ЗП не указана,https://hh.ru/vacancy/92213477?query=data+scientist&hhtmFrom=vacancy_search_list,hh.ru
75,Data scientist (Управление скоринга и Биг Дата),ЗП не указана,https://hh.ru/vacancy/89203591?query=data+scientist&hhtmFrom=vacancy_search_list,hh.ru
76,Senior Data Scientist/Team Lead,ЗП не указана,https://hh.ru/vacancy/90637679?query=data+scientist&hhtmFrom=vacancy_search_list,hh.ru
77,Senior Data scientist,ЗП не указана,https://hh.ru/vacancy/91540924?query=data+scientist&hhtmFrom=vacancy_search_list,hh.ru
78,Data Scientist,ЗП не указана,https://hh.ru/vacancy/89803196?query=data+scientist&hhtmFrom=vacancy_search_list,hh.ru
79,Senior Data Scientist (Цифровой билайн),ЗП не указана,https://hh.ru/vacancy/91942335?query=data+scientist&hhtmFrom=vacancy_search_list,hh.ru
80,Data Scientist,ЗП не указана,https://hh.ru/vacancy/89011788?query=data+scientist&hhtmFrom=vacancy_search_list,hh.ru
81,Аналитик данных (Data scientist/дата-инженер),ЗП не указана,https://hh.ru/vacancy/92038786?query=data+scientist&hhtmFrom=vacancy_search_list,hh.ru
82,Team Lead Data Scientist,ЗП не указана,https://hh.ru/vacancy/90914348?query=data+scientist&hhtmFrom=vacancy_search_list,hh.ru
83,Middle NLP Data Scientist (LLM),ЗП не указана,https://hh.ru/vacancy/92145626?query=data+scientist&hhtmFrom=vacancy_search_list,hh.ru
84,Middle Data Scientist,ЗП не указана,https://hh.ru/vacancy/92082236?query=data+scientist&hhtmFrom=vacancy_search_list,hh.ru
85,Data scientist senior,ЗП не указана,https://hh.ru/vacancy/92220911?query=data+scientist&hhtmFrom=vacancy_search_list,hh.ru
86,Data scientist,ЗП не указана,https://hh.ru/vacancy/91278563?query=data+scientist&hhtmFrom=vacancy_search_list,hh.ru
87,Data Scientist,ЗП не указана,https://hh.ru/vacancy/91802701?query=data+scientist&hhtmFrom=vacancy_search_list,hh.ru
88,Ведущий Data scientist/engineer,до 350 000 ₽,https://hh.ru/vacancy/92118727?query=data+scientist&hhtmFrom=vacancy_search_list,hh.ru
89,Data scientist,ЗП не указана,https://hh.ru/vacancy/91614093?query=data+scientist&hhtmFrom=vacancy_search_list,hh.ru
90,"Data Scientist, команда маркетинговой аналитики в Big Data телекоммуникационной компании",ЗП не указана,https://hh.ru/vacancy/91385378?query=data+scientist&hhtmFrom=vacancy_search_list,hh.ru
91,Data Scientist,ЗП не указана,https://hh.ru/vacancy/91927951?query=data+scientist&hhtmFrom=vacancy_search_list,hh.ru
92,Data Scientist middle+,ЗП не указана,https://hh.ru/vacancy/92203243?query=data+scientist&hhtmFrom=vacancy_search_list,hh.ru
93,Data Scientist (Middle),ЗП не указана,https://hh.ru/vacancy/81543934?query=data+scientist&hhtmFrom=vacancy_search_list,hh.ru
94,Data Scientist,ЗП не указана,https://hh.ru/vacancy/91799262?query=data+scientist&hhtmFrom=vacancy_search_list,hh.ru
95,Data Scientist (middle),ЗП не указана,https://hh.ru/vacancy/91647145?query=data+scientist&hhtmFrom=vacancy_search_list,hh.ru
96,Преподаватель курса Data Scientist (онлайн),ЗП не указана,https://hh.ru/vacancy/91893139?query=data+scientist&hhtmFrom=vacancy_search_list,hh.ru
97,Data Scientist (голосовой ассистент),ЗП не указана,https://hh.ru/vacancy/91805622?query=data+scientist&hhtmFrom=vacancy_search_list,hh.ru
98,Data Scientist,ЗП не указана,https://hh.ru/vacancy/91432855?query=data+scientist&hhtmFrom=vacancy_search_list,hh.ru
99,Data Scientist,ЗП не указана,https://hh.ru/vacancy/87855182?query=data+scientist&hhtmFrom=vacancy_search_list,hh.ru
100,"Data Scientist, Ранжирование поиска",ЗП не указана,https://hh.ru/vacancy/91856868?query=data+scientist&hhtmFrom=vacancy_search_list,hh.ru
101,NLP Data Scientist,ЗП не указана,https://hh.ru/vacancy/91799306?query=data+scientist&hhtmFrom=vacancy_search_list,hh.ru
102,Middle Data Scientist,ЗП не указана,https://hh.ru/vacancy/91898828?query=data+scientist&hhtmFrom=vacancy_search_list,hh.ru
103,"Data Scientist, рекомендательная система",ЗП не указана,https://hh.ru/vacancy/91821498?query=data+scientist&hhtmFrom=vacancy_search_list,hh.ru
104,Middle Data Scientist,ЗП не указана,https://hh.ru/vacancy/92099337?query=data+scientist&hhtmFrom=vacancy_search_list,hh.ru
105,Senior Data Scientist (Ranking&Search),ЗП не указана,https://hh.ru/vacancy/92281157?query=data+scientist&hhtmFrom=vacancy_search_list,hh.ru
106,Data Scientist,150 000 – 150 000 ₽,https://hh.ru/vacancy/91436976?query=data+scientist&hhtmFrom=vacancy_search_list,hh.ru
107,Data Scientist,ЗП не указана,https://hh.ru/vacancy/91745934?query=data+scientist&hhtmFrom=vacancy_search_list,hh.ru
108,Senior Data Scientist,ЗП не указана,https://hh.ru/vacancy/91264131?query=data+scientist&hhtmFrom=vacancy_search_list,hh.ru
109,Data Scientist,ЗП не указана,https://hh.ru/vacancy/91678475?query=data+scientist&hhtmFrom=vacancy_search_list,hh.ru
110,Senior Data Scientist,ЗП не указана,https://hh.ru/vacancy/92155496?query=data+scientist&hhtmFrom=vacancy_search_list,hh.ru
111,Data Scientist (Алгоритмы оптимизации),ЗП не указана,https://hh.ru/vacancy/91896830?query=data+scientist&hhtmFrom=vacancy_search_list,hh.ru
112,Data Scientist (Центр модельных рисков сервисных блоков и экосистемы),ЗП не указана,https://hh.ru/vacancy/91645029?query=data+scientist&hhtmFrom=vacancy_search_list,hh.ru
113,Data Scientist (Центр модельных рисков КИБ),ЗП не указана,https://hh.ru/vacancy/91603708?query=data+scientist&hhtmFrom=vacancy_search_list,hh.ru
114,Data Scientist,ЗП не указана,https://hh.ru/vacancy/90458833?query=data+scientist&hhtmFrom=vacancy_search_list,hh.ru
115,"Ведущий Data Scientist, Ранжирование поиска",ЗП не указана,https://hh.ru/vacancy/67411146?query=data+scientist&hhtmFrom=vacancy_search_list,hh.ru
116,Data Scientist,ЗП не указана,https://hh.ru/vacancy/90568368?query=data+scientist&hhtmFrom=vacancy_search_list,hh.ru
117,"Data Scientist (NLP, LLM)",ЗП не указана,https://hh.ru/vacancy/90944456?query=data+scientist&hhtmFrom=vacancy_search_list,hh.ru
118,Data Scientist/ML Engineer/AI,ЗП не указана,https://hh.ru/vacancy/90458703?query=data+scientist&hhtmFrom=vacancy_search_list,hh.ru
119,Middle+/Senior Data Scientist,ЗП не указана,https://hh.ru/vacancy/92080494?query=data+scientist&hhtmFrom=vacancy_search_list,hh.ru
120,Team Lead Data Scientist,ЗП не указана,https://hh.ru/vacancy/92098465?query=data+scientist&hhtmFrom=vacancy_search_list,hh.ru
121,NLP Data Scientist,ЗП не указана,https://hh.ru/vacancy/90266519?query=data+scientist&hhtmFrom=vacancy_search_list,hh.ru
122,Data Scientist/Python-разработчик,ЗП не указана,https://hh.ru/vacancy/91435462?query=data+scientist&hhtmFrom=vacancy_search_list,hh.ru
123,Middle+ Data Scientist,ЗП не указана,https://hh.ru/vacancy/91857877?query=data+scientist&hhtmFrom=vacancy_search_list,hh.ru
124,Аналитик данных \ Data Scientist,ЗП не указана,https://hh.ru/vacancy/91751372?query=data+scientist&hhtmFrom=vacancy_search_list,hh.ru
125,Data Scientist,ЗП не указана,https://hh.ru/vacancy/91668817?query=data+scientist&hhtmFrom=vacancy_search_list,hh.ru
126,Data scientist (команда Collection),ЗП не указана,https://hh.ru/vacancy/86879304?query=data+scientist&hhtmFrom=vacancy_search_list,hh.ru
127,Data Scientist,ЗП не указана,https://hh.ru/vacancy/91283473?query=data+scientist&hhtmFrom=vacancy_search_list,hh.ru
128,Data Scientist (валидация ПВР моделей),ЗП не указана,https://hh.ru/vacancy/91947727?query=data+scientist&hhtmFrom=vacancy_search_list,hh.ru
129,Data-scientist,ЗП не указана,https://hh.ru/vacancy/91653354?query=data+scientist&hhtmFrom=vacancy_search_list,hh.ru
130,Data Scientist LLM (Global markets),ЗП не указана,https://hh.ru/vacancy/91801738?query=data+scientist&hhtmFrom=vacancy_search_list,hh.ru
131,Data Scientist (NLP),ЗП не указана,https://hh.ru/vacancy/91518155?query=data+scientist&hhtmFrom=vacancy_search_list,hh.ru
132,Data Scientist / Kapital Bank (Azerbaijan),1 000 – 4 000 ₼,https://hh.ru/vacancy/91639535?query=data+scientist&hhtmFrom=vacancy_search_list,hh.ru
133,Senior Data Scientist,ЗП не указана,https://hh.ru/vacancy/91898644?query=data+scientist&hhtmFrom=vacancy_search_list,hh.ru
134,Data Scientist (валидация моделей),ЗП не указана,https://hh.ru/vacancy/91668094?query=data+scientist&hhtmFrom=vacancy_search_list,hh.ru
135,Data Scientist (NLP),ЗП не указана,https://hh.ru/vacancy/91556329?query=data+scientist&hhtmFrom=vacancy_search_list,hh.ru
136,Data Scientist/Риск-менеджер,ЗП не указана,https://hh.ru/vacancy/91757247?query=data+scientist&hhtmFrom=vacancy_search_list,hh.ru
137,Data Scientist,ЗП не указана,https://hh.ru/vacancy/88637019?query=data+scientist&hhtmFrom=vacancy_search_list,hh.ru
138,Data Scientist (Модели CRM),ЗП не указана,https://hh.ru/vacancy/88605008?query=data+scientist&hhtmFrom=vacancy_search_list,hh.ru
139,Senior Data Scientist (Classical ML),ЗП не указана,https://hh.ru/vacancy/91847332?query=data+scientist&hhtmFrom=vacancy_search_list,hh.ru
140,Data Scientist (Рекомендательная система),ЗП не указана,https://hh.ru/vacancy/91488351?query=data+scientist&hhtmFrom=vacancy_search_list,hh.ru
141,Middle/Senior Data Scientist (LLM),ЗП не указана,https://hh.ru/vacancy/91890615?query=data+scientist&hhtmFrom=vacancy_search_list,hh.ru
142,Data scientist (Middle/Middle+),ЗП не указана,https://hh.ru/vacancy/91657486?query=data+scientist&hhtmFrom=vacancy_search_list,hh.ru
143,Senior Data Scientist,ЗП не указана,https://hh.ru/vacancy/91152863?query=data+scientist&hhtmFrom=vacancy_search_list,hh.ru
144,Data Scientist / ML-инженер,ЗП не указана,https://hh.ru/vacancy/91634167?query=data+scientist&hhtmFrom=vacancy_search_list,hh.ru
145,Data scientist,ЗП не указана,https://hh.ru/vacancy/91254601?query=data+scientist&hhtmFrom=vacancy_search_list,hh.ru
146,Middle Data Scientist (команда SberCampaigning),ЗП не указана,https://hh.ru/vacancy/91481282?query=data+scientist&hhtmFrom=vacancy_search_list,hh.ru
147,Data Scientist,ЗП не указана,https://hh.ru/vacancy/91275991?query=data+scientist&hhtmFrom=vacancy_search_list,hh.ru
148,Data Analyst/Data Scientist в команду операционного аудита в канале ВСП,ЗП не указана,https://hh.ru/vacancy/91443900?query=data+scientist&hhtmFrom=vacancy_search_list,hh.ru
149,Data Scientist ( Ведущий ),ЗП не указана,https://hh.ru/vacancy/92029448?query=data+scientist&hhtmFrom=vacancy_search_list,hh.ru
150,Data scientist CV (senior),ЗП не указана,https://hh.ru/vacancy/91757000?query=data+scientist&hhtmFrom=vacancy_search_list,hh.ru
151,Data scientist (NLP),ЗП не указана,https://hh.ru/vacancy/91525276?query=data+scientist&hhtmFrom=vacancy_search_list,hh.ru
152,Data scientist,ЗП не указана,https://hh.ru/vacancy/90769968?query=data+scientist&hhtmFrom=vacancy_search_list,hh.ru
153,Data Scientist,ЗП не указана,https://hh.ru/vacancy/91415459?query=data+scientist&hhtmFrom=vacancy_search_list,hh.ru
154,Data Scientist middle/senior,ЗП не указана,https://hh.ru/vacancy/90693314?query=data+scientist&hhtmFrom=vacancy_search_list,hh.ru
155,Data Scientist (Middle\Senior),ЗП не указана,https://hh.ru/vacancy/91678853?query=data+scientist&hhtmFrom=vacancy_search_list,hh.ru
156,Data Scientist (Senior),ЗП не указана,https://hh.ru/vacancy/87915098?query=data+scientist&hhtmFrom=vacancy_search_list,hh.ru
157,Математик-программист / Data Scientist,ЗП не указана,https://hh.ru/vacancy/88656252?query=data+scientist&hhtmFrom=vacancy_search_list,hh.ru
158,Data Scientist,ЗП не указана,https://hh.ru/vacancy/91263467?query=data+scientist&hhtmFrom=vacancy_search_list,hh.ru
159,ML инженер / Data scientist,ЗП не указана,https://hh.ru/vacancy/91380739?query=data+scientist&hhtmFrom=vacancy_search_list,hh.ru
160,Senior Data Scientist,3 200 – 5 000 $,https://hh.ru/vacancy/91635117?query=data+scientist&hhtmFrom=vacancy_search_list,hh.ru
161,Senior Data Scientist LLM,ЗП не указана,https://hh.ru/vacancy/91334005?query=data+scientist&hhtmFrom=vacancy_search_list,hh.ru
162,Lead Data Scientist,ЗП не указана,https://hh.ru/vacancy/90736394?query=data+scientist&hhtmFrom=vacancy_search_list,hh.ru
163,"Data Scientist/Analyst ""Платформа экспериментов"" (Senior)",ЗП не указана,https://hh.ru/vacancy/91831041?query=data+scientist&hhtmFrom=vacancy_search_list,hh.ru
164,Data Scientist/Эксперт по валидации моделей,ЗП не указана,https://hh.ru/vacancy/85595301?query=data+scientist&hhtmFrom=vacancy_search_list,hh.ru
165,Senior Data Scientist,ЗП не указана,https://hh.ru/vacancy/91351789?query=data+scientist&hhtmFrom=vacancy_search_list,hh.ru
166,Senior Data Scientist,ЗП не указана,https://hh.ru/vacancy/91275328?query=data+scientist&hhtmFrom=vacancy_search_list,hh.ru
167,Senior Data Scientist,ЗП не указана,https://hh.ru/vacancy/90765834?query=data+scientist&hhtmFrom=vacancy_search_list,hh.ru
168,Senior Data scientist (Deep Learning),ЗП не указана,https://hh.ru/vacancy/91309705?query=data+scientist&hhtmFrom=vacancy_search_list,hh.ru
169,Data engineer,ЗП не указана,https://hh.ru/vacancy/90776082?query=data+scientist&hhtmFrom=vacancy_search_list,hh.ru
170,Data Analyst,ЗП не указана,https://hh.ru/vacancy/88547027?query=data+scientist&hhtmFrom=vacancy_search_list,hh.ru
171,Data Scientist,от 100 000 ₽,https://hh.ru/vacancy/92203995?query=data+scientist&hhtmFrom=vacancy_search_list,hh.ru
172,Data scientist ML,ЗП не указана,https://hh.ru/vacancy/92414317?query=data+scientist&hhtmFrom=vacancy_search_list,hh.ru
173,Data Scientist,ЗП не указана,https://hh.ru/vacancy/90844110?query=data+scientist&hhtmFrom=vacancy_search_list,hh.ru
174,"Аналитик данных / Data scientist, удаленно",ЗП не указана,https://hh.ru/vacancy/88054843?query=data+scientist&hhtmFrom=vacancy_search_list,hh.ru
175,Data Scientist (модели Collection),ЗП не указана,https://hh.ru/vacancy/90051408?query=data+scientist&hhtmFrom=vacancy_search_list,hh.ru
176,Junior Data Scientist,ЗП не указана,https://hh.ru/vacancy/92076947?query=data+scientist&hhtmFrom=vacancy_search_list,hh.ru
177,Data Scientist (CV+NLP),ЗП не указана,https://hh.ru/vacancy/92193831?query=data+scientist&hhtmFrom=vacancy_search_list,hh.ru
178,Data Scientist / ML-специалист,от 170 000 ₽,https://hh.ru/vacancy/92090712?query=data+scientist&hhtmFrom=vacancy_search_list,hh.ru
179,Data Scientist (модели PD/LGD/EAD),ЗП не указана,https://hh.ru/vacancy/89017784?query=data+scientist&hhtmFrom=vacancy_search_list,hh.ru
180,Data Scientist (LLM),ЗП не указана,https://hh.ru/vacancy/89050119?query=data+scientist&hhtmFrom=vacancy_search_list,hh.ru
181,Data Analyst / Data Scientist (Junior/Junior+),ЗП не указана,https://hh.ru/vacancy/91479023?query=data+scientist&hhtmFrom=vacancy_search_list,hh.ru
182,Middle Data Scientist/Senior,ЗП не указана,https://hh.ru/vacancy/88956110?query=data+scientist&hhtmFrom=vacancy_search_list,hh.ru
183,Data Scientist,ЗП не указана,https://hh.ru/vacancy/91609682?query=data+scientist&hhtmFrom=vacancy_search_list,hh.ru
184,Data Scientist,ЗП не указана,https://hh.ru/vacancy/91442500?query=data+scientist&hhtmFrom=vacancy_search_list,hh.ru
185,Data scientist,ЗП не указана,https://hh.ru/vacancy/91369809?query=data+scientist&hhtmFrom=vacancy_search_list,hh.ru
186,Data scientist,ЗП не указана,https://hh.ru/vacancy/89602945?query=data+scientist&hhtmFrom=vacancy_search_list,hh.ru
187,Senior Data Scientist в команду «Матчинг»,330 000 – 450 000 ₽,https://hh.ru/vacancy/83575438?query=data+scientist&hhtmFrom=vacancy_search_list,hh.ru
188,"Data Scientist (Junior), Data&Solutions, Deal Advisory",ЗП не указана,https://hh.ru/vacancy/92427726?query=data+scientist&hhtmFrom=vacancy_search_list,hh.ru
189,Data Engineer,ЗП не указана,https://hh.ru/vacancy/91374928?query=data+scientist&hhtmFrom=vacancy_search_list,hh.ru
190,Lead Data Scientist,ЗП не указана,https://hh.ru/vacancy/90871485?query=data+scientist&hhtmFrom=vacancy_search_list,hh.ru
191,Стажер Data analyst,до 55 000 ₽,https://hh.ru/vacancy/92417071?query=data+scientist&hhtmFrom=vacancy_search_list,hh.ru
192,Senior Data Scientist NLP,ЗП не указана,https://hh.ru/vacancy/91152974?query=data+scientist&hhtmFrom=vacancy_search_list,hh.ru
193,TeamLead Data Scientist,ЗП не указана,https://hh.ru/vacancy/92418174?query=data+scientist&hhtmFrom=vacancy_search_list,hh.ru
194,Data Scientist / Machine Learning Engineer,ЗП не указана,https://hh.ru/vacancy/92430411?query=data+scientist&hhtmFrom=vacancy_search_list,hh.ru
195,Data Engineer,ЗП не указана,https://hh.ru/vacancy/91802463?query=data+scientist&hhtmFrom=vacancy_search_list,hh.ru
196,Senior Data Scientist (NLP),ЗП не указана,https://hh.ru/vacancy/92354775?query=data+scientist&hhtmFrom=vacancy_search_list,hh.ru
197,Team Lead Data Scientist (SberCampaigning),ЗП не указана,https://hh.ru/vacancy/92364638?query=data+scientist&hhtmFrom=vacancy_search_list,hh.ru
198,Senior Data Scientist (Middle+) - Computer Vision (Радиолог),250 000 – 350 000 ₽,https://hh.ru/vacancy/92396364?query=data+scientist&hhtmFrom=vacancy_search_list,hh.ru
199,Data Scientist Teamlead NLP,ЗП не указана,https://hh.ru/vacancy/91801447?query=data+scientist&hhtmFrom=vacancy_search_list,hh.ru
200,Data engineer,ЗП не указана,https://hh.ru/vacancy/90130855?query=data+scientist&hhtmFrom=vacancy_search_list,hh.ru
201,Senior Data Scientist/ML Engineer (команда SmartSearch),ЗП не указана,https://hh.ru/vacancy/91475424?query=data+scientist&hhtmFrom=vacancy_search_list,hh.ru
202,Системный администратор,до 230 000 ₽,https://hh.ru/vacancy/92355873?query=data+scientist&hhtmFrom=vacancy_search_list,hh.ru
203,Senior Data Scientist / Руководитель R&D подразделения,ЗП не указана,https://hh.ru/vacancy/92360935?query=data+scientist&hhtmFrom=vacancy_search_list,hh.ru
204,Исследователь/Research Scientist (Computer Science),ЗП не указана,https://hh.ru/vacancy/76662887?query=data+scientist&hhtmFrom=vacancy_search_list,hh.ru
205,Senior+/Team Lead Data Scientist (Хаб юридических лиц),ЗП не указана,https://hh.ru/vacancy/88934917?query=data+scientist&hhtmFrom=vacancy_search_list,hh.ru
206,ML Engineer,ЗП не указана,https://hh.ru/vacancy/92412958?query=data+scientist&hhtmFrom=vacancy_search_list,hh.ru
207,Python-разработчик (Middle+/Senior),от 250 000 ₽,https://hh.ru/vacancy/90880622?query=data+scientist&hhtmFrom=vacancy_search_list,hh.ru
208,Python Developer (RnD AI),ЗП не указана,https://hh.ru/vacancy/91001232?query=data+scientist&hhtmFrom=vacancy_search_list,hh.ru
209,Разработчик Power Bi,ЗП не указана,https://hh.ru/vacancy/89724275?query=data+scientist&hhtmFrom=vacancy_search_list,hh.ru
210,Разработчик алгоритмов С#,ЗП не указана,https://hh.ru/vacancy/92409476?query=data+scientist&hhtmFrom=vacancy_search_list,hh.ru
211,IT Researcher/Sourcer,ЗП не указана,https://hh.ru/vacancy/91934195?query=data+scientist&hhtmFrom=vacancy_search_list,hh.ru
212,Системный аналитик в AmazMe,ЗП не указана,https://hh.ru/vacancy/92363678?query=data+scientist&hhtmFrom=vacancy_search_list,hh.ru
213,Senior bioinformatician - Liquid Biopsy (to Yerevan),ЗП не указана,https://hh.ru/vacancy/92432375?query=data+scientist&hhtmFrom=vacancy_search_list,hh.ru
214,"Technical Writer (Remote, based in Russia)",ЗП не указана,https://hh.ru/vacancy/91900073?query=data+scientist&hhtmFrom=vacancy_search_list,hh.ru
215,Руководитель группы разработки / Tech Lead,ЗП не указана,https://hh.ru/vacancy/89204602?query=data+scientist&hhtmFrom=vacancy_search_list,hh.ru
216,InfoSec/IT Recruiter,ЗП не указана,https://hh.ru/vacancy/91214022?query=data+scientist&hhtmFrom=vacancy_search_list,hh.ru
217,QA automation engineer в команду SafeData,ЗП не указана,https://hh.ru/vacancy/92391740?query=data+scientist&hhtmFrom=vacancy_search_list,hh.ru
218,CRM-Мастер,до 100 000 ₽,https://hh.ru/vacancy/92201951?query=data+scientist&hhtmFrom=vacancy_search_list,hh.ru
219,DevOps-инженер (трайб CDO Office),ЗП не указана,https://hh.ru/vacancy/92410580?query=data+scientist&hhtmFrom=vacancy_search_list,hh.ru
220,Lead Java Developer,ЗП не указана,https://hh.ru/vacancy/92418343?query=data+scientist&hhtmFrom=vacancy_search_list,hh.ru
221,Senior NLP Data Scientist / GigaChat,ЗП не указана,https://hh.ru/vacancy/91144046?query=data+scientist&hhtmFrom=vacancy_search_list,hh.ru
222,"Middle Data Scientist (NLP, LLM, process mining)",ЗП не указана,https://hh.ru/vacancy/92276583?query=data+scientist&hhtmFrom=vacancy_search_list,hh.ru
223,Специалист по цифровым технологиям в аудите,ЗП не указана,https://hh.ru/vacancy/92253025?query=data+scientist&hhtmFrom=vacancy_search_list,hh.ru
224,Senior NLP Engineer for Voice Assistant,ЗП не указана,https://hh.ru/vacancy/91417599?query=data+scientist&hhtmFrom=vacancy_search_list,hh.ru
225,"Менеджер ML-проектов (клиентский опыт, GigaChat)",ЗП не указана,https://hh.ru/vacancy/92278499?query=data+scientist&hhtmFrom=vacancy_search_list,hh.ru
226,Middle\Middle+ Data Scientist (команда Digital Avatar),ЗП не указана,https://hh.ru/vacancy/92223882?query=data+scientist&hhtmFrom=vacancy_search_list,hh.ru
227,Senior Data Scientist / Ведущий специалист по машинному обучению и анализу данных,ЗП не указана,https://hh.ru/vacancy/91141473?query=data+scientist&hhtmFrom=vacancy_search_list,hh.ru
228,Middle/Senior Research Data Scientist с навыками NLP,ЗП не указана,https://hh.ru/vacancy/92222601?query=data+scientist&hhtmFrom=vacancy_search_list,hh.ru
229,Senior NLP Data Scientist (команда SberCare.Боты),ЗП не указана,https://hh.ru/vacancy/92222799?query=data+scientist&hhtmFrom=vacancy_search_list,hh.ru
230,Senior Data Scientist в команду Виртуального ассистента,ЗП не указана,https://hh.ru/vacancy/91047040?query=data+scientist&hhtmFrom=vacancy_search_list,hh.ru
231,Devops инженер на ML проект,ЗП не указана,https://hh.ru/vacancy/91066249?query=data+scientist&hhtmFrom=vacancy_search_list,hh.ru
232,Data Scientist (математическое моделирование),ЗП не указана,https://hh.ru/vacancy/92186532?query=data+scientist&hhtmFrom=vacancy_search_list,hh.ru
233,Системный аналитик данных,ЗП не указана,https://hh.ru/vacancy/92202285?query=data+scientist&hhtmFrom=vacancy_search_list,hh.ru
234,Lead MLOps Engineer,ЗП не указана,https://hh.ru/vacancy/92206397?query=data+scientist&hhtmFrom=vacancy_search_list,hh.ru
235,Data scientist (Центр модельных рисков розничного бизнеса),ЗП не указана,https://hh.ru/vacancy/92145176?query=data+scientist&hhtmFrom=vacancy_search_list,hh.ru
236,Digital Manager,ЗП не указана,https://hh.ru/vacancy/92228512?query=data+scientist&hhtmFrom=vacancy_search_list,hh.ru
237,Senior Data Scientist (Middle+) - Computer Vision,250 000 – 350 000 ₽,https://hh.ru/vacancy/92143773?query=data+scientist&hhtmFrom=vacancy_search_list,hh.ru
238,Middle/Senior Data Scientist NLP GigaChat,ЗП не указана,https://hh.ru/vacancy/92124274?query=data+scientist&hhtmFrom=vacancy_search_list,hh.ru
239,Data Scientist (Центр модельных рисков розничного бизнеса),ЗП не указана,https://hh.ru/vacancy/92123749?query=data+scientist&hhtmFrom=vacancy_search_list,hh.ru
240,Middle/Senior Data Scientist в команду NLP,ЗП не указана,https://hh.ru/vacancy/91593205?query=data+scientist&hhtmFrom=vacancy_search_list,hh.ru
241,Project manager AI/ML,ЗП не указана,https://hh.ru/vacancy/92146203?query=data+scientist&hhtmFrom=vacancy_search_list,hh.ru
242,Инженер данных,ЗП не указана,https://hh.ru/vacancy/92131952?query=data+scientist&hhtmFrom=vacancy_search_list,hh.ru
243,Junior Data Scientist в Блок Финансы,ЗП не указана,https://hh.ru/vacancy/92099308?query=data+scientist&hhtmFrom=vacancy_search_list,hh.ru
244,Senior ML Инженер/TechLead (OPSNEXT),ЗП не указана,https://hh.ru/vacancy/92116322?query=data+scientist&hhtmFrom=vacancy_search_list,hh.ru
245,Разработчик шаблонов (OPSNEXT),ЗП не указана,https://hh.ru/vacancy/92116239?query=data+scientist&hhtmFrom=vacancy_search_list,hh.ru
246,"Математик-разработчик (Data Scientist), Маркетплейс, Цены и анализ конкурентов",ЗП не указана,https://hh.ru/vacancy/91836299?query=data+scientist&hhtmFrom=vacancy_search_list,hh.ru
247,"Data Scientist, Маркетплейс, Контент и товары",ЗП не указана,https://hh.ru/vacancy/92097464?query=data+scientist&hhtmFrom=vacancy_search_list,hh.ru
248,Senior Data Scientist,ЗП не указана,https://hh.ru/vacancy/92071128?query=data+scientist&hhtmFrom=vacancy_search_list,hh.ru
249,"Аналитик данных (data scientist, data engineer)",ЗП не указана,https://hh.ru/vacancy/92068025?query=data+scientist&hhtmFrom=vacancy_search_list,hh.ru
250,Senior Data Scientist в команду моделирования партнерств и ИТ - процессов,ЗП не указана,https://hh.ru/vacancy/89688201?query=data+scientist&hhtmFrom=vacancy_search_list,hh.ru
251,Middle+/Senior Data Scientist (модели кредитного риска),ЗП не указана,https://hh.ru/vacancy/88986598?query=data+scientist&hhtmFrom=vacancy_search_list,hh.ru
252,Senior Data Scientist,ЗП не указана,https://hh.ru/vacancy/88281246?query=data+scientist&hhtmFrom=vacancy_search_list,hh.ru
253,Data Scientist в команду аукциона,ЗП не указана,https://hh.ru/vacancy/92022580?query=data+scientist&hhtmFrom=vacancy_search_list,hh.ru
254,"Data Scientist, Группа моделирования и оптимизации складских процессов",ЗП не указана,https://hh.ru/vacancy/92023121?query=data+scientist&hhtmFrom=vacancy_search_list,hh.ru
255,Data scientist (Модельные риски корпоративных клиентов),ЗП не указана,https://hh.ru/vacancy/92022798?query=data+scientist&hhtmFrom=vacancy_search_list,hh.ru
256,Team Lead Data Scientist,ЗП не указана,https://hh.ru/vacancy/90996059?query=data+scientist&hhtmFrom=vacancy_search_list,hh.ru
257,Product Manager (Global B2B Startup),от 250 000 ₽,https://hh.ru/vacancy/91646987?query=data+scientist&hhtmFrom=vacancy_search_list,hh.ru
258,AI Project Manager (Data Scientist),ЗП не указана,https://hh.ru/vacancy/91152719?query=data+scientist&hhtmFrom=vacancy_search_list,hh.ru
259,Менеджер проектов продвинутой аналитики,ЗП не указана,https://hh.ru/vacancy/92005711?query=data+scientist&hhtmFrom=vacancy_search_list,hh.ru
260,Product Manager / Менеджер продукта роботы,ЗП не указана,https://hh.ru/vacancy/89586599?query=data+scientist&hhtmFrom=vacancy_search_list,hh.ru
261,"Commercial excellence director, Russia",ЗП не указана,https://hh.ru/vacancy/88247917?query=data+scientist&hhtmFrom=vacancy_search_list,hh.ru
262,"Старший разработчик Java, Верхний поиск",ЗП не указана,https://hh.ru/vacancy/82309088?query=data+scientist&hhtmFrom=vacancy_search_list,hh.ru
263,Computer Vision engineer (Team lead),ЗП не указана,https://hh.ru/vacancy/91971530?query=data+scientist&hhtmFrom=vacancy_search_list,hh.ru
264,Middle Data Scientist (проект Customer Value Management),ЗП не указана,https://hh.ru/vacancy/88615488?query=data+scientist&hhtmFrom=vacancy_search_list,hh.ru
265,Middle \ Senior Data Scientist в команду моделирования розничного бизнеса,ЗП не указана,https://hh.ru/vacancy/86018279?query=data+scientist&hhtmFrom=vacancy_search_list,hh.ru
266,Data Scientist (Департамент розничных рисков),ЗП не указана,https://hh.ru/vacancy/91923986?query=data+scientist&hhtmFrom=vacancy_search_list,hh.ru
267,Middle/Senior Data Scientist (команда Operations / Supply&Demand Balance),ЗП не указана,https://hh.ru/vacancy/91917960?query=data+scientist&hhtmFrom=vacancy_search_list,hh.ru
268,"ML Data Scientist (Middle, Senior)",ЗП не указана,https://hh.ru/vacancy/90911022?query=data+scientist&hhtmFrom=vacancy_search_list,hh.ru
269,"Data scientist, проекты по разработке симуляционных моделей, моделей оценки стресс-тестирования",ЗП не указана,https://hh.ru/vacancy/90475665?query=data+scientist&hhtmFrom=vacancy_search_list,hh.ru
270,Senior Data Scientist (NLP),ЗП не указана,https://hh.ru/vacancy/91874733?query=data+scientist&hhtmFrom=vacancy_search_list,hh.ru
271,Data Scientist (сопровождение процесса разработки и использования моделей),ЗП не указана,https://hh.ru/vacancy/91367300?query=data+scientist&hhtmFrom=vacancy_search_list,hh.ru
272,Data Scientist (модельные риски и валидация),ЗП не указана,https://hh.ru/vacancy/90781510?query=data+scientist&hhtmFrom=vacancy_search_list,hh.ru
273,Python Backend / Data Scientist,ЗП не указана,https://hh.ru/vacancy/89846579?query=data+scientist&hhtmFrom=vacancy_search_list,hh.ru
274,"Computer Vision Engineer \ Data Scientist в команду Layer, SberDevices.",ЗП не указана,https://hh.ru/vacancy/90830592?query=data+scientist&hhtmFrom=vacancy_search_list,hh.ru
275,Middle/ senior data scientist (разработка моделей для казначейства и рыночных рисков),ЗП не указана,https://hh.ru/vacancy/90324671?query=data+scientist&hhtmFrom=vacancy_search_list,hh.ru
276,Middle/ Senior Data Engineer (Команда «Персонализация СБОЛ.ПРО»),ЗП не указана,https://hh.ru/vacancy/91860552?query=data+scientist&hhtmFrom=vacancy_search_list,hh.ru
277,Управляющий директор \ Data Scientist (Сопровождение процесса разработки и использования моделей),ЗП не указана,https://hh.ru/vacancy/78465611?query=data+scientist&hhtmFrom=vacancy_search_list,hh.ru
278,Data Scientist (моделирование на Python моделей склонности),ЗП не указана,https://hh.ru/vacancy/91833310?query=data+scientist&hhtmFrom=vacancy_search_list,hh.ru
279,Senior Data Scientist в команду контент-системы,ЗП не указана,https://hh.ru/vacancy/91790457?query=data+scientist&hhtmFrom=vacancy_search_list,hh.ru
280,Senior Data Scientist NLP,ЗП не указана,https://hh.ru/vacancy/91801022?query=data+scientist&hhtmFrom=vacancy_search_list,hh.ru
281,Lead Data Scientist NLP в SberAI,ЗП не указана,https://hh.ru/vacancy/91799165?query=data+scientist&hhtmFrom=vacancy_search_list,hh.ru
282,Team Lead Data Science(Руководитель направления по исследованию данных),ЗП не указана,https://hh.ru/vacancy/91799269?query=data+scientist&hhtmFrom=vacancy_search_list,hh.ru
283,TechLead Research Engineer (NLP/Speech),400 000 – 550 000 ₽,https://hh.ru/vacancy/91792486?query=data+scientist&hhtmFrom=vacancy_search_list,hh.ru
284,Senior Data Scientist (NLP),ЗП не указана,https://hh.ru/vacancy/91732853?query=data+scientist&hhtmFrom=vacancy_search_list,hh.ru
285,Senior Data Scientist NLP,ЗП не указана,https://hh.ru/vacancy/91756429?query=data+scientist&hhtmFrom=vacancy_search_list,hh.ru
286,Эксперт по моделированию и анализу данных / Data Scientist,ЗП не указана,https://hh.ru/vacancy/91746374?query=data+scientist&hhtmFrom=vacancy_search_list,hh.ru
287,Data Scientist (Machine Learning Engineer) в Knowledge Base capitalization,ЗП не указана,https://hh.ru/vacancy/91749108?query=data+scientist&hhtmFrom=vacancy_search_list,hh.ru
288,Data Science Team Lead,ЗП не указана,https://hh.ru/vacancy/91761500?query=data+scientist&hhtmFrom=vacancy_search_list,hh.ru
289,NLP Data Science Team Lead,ЗП не указана,https://hh.ru/vacancy/91761416?query=data+scientist&hhtmFrom=vacancy_search_list,hh.ru
290,Senior Data Scientist (СберБизнес),ЗП не указана,https://hh.ru/vacancy/91728595?query=data+scientist&hhtmFrom=vacancy_search_list,hh.ru
291,Middle Data Scientist (Развитие клиентского опыта В2С),ЗП не указана,https://hh.ru/vacancy/91725712?query=data+scientist&hhtmFrom=vacancy_search_list,hh.ru
292,Data engineer,ЗП не указана,https://hh.ru/vacancy/91731795?query=data+scientist&hhtmFrom=vacancy_search_list,hh.ru
293,Data scientist (Управление рисками корпоративных клиентов),ЗП не указана,https://hh.ru/vacancy/91743068?query=data+scientist&hhtmFrom=vacancy_search_list,hh.ru
294,Senior NLP Data Scientist в Центр AI Маркетинга,ЗП не указана,https://hh.ru/vacancy/91702804?query=data+scientist&hhtmFrom=vacancy_search_list,hh.ru
295,Data Scientist в Дирекцию Инвестиционной Экспертизы (Блок Финансы),ЗП не указана,https://hh.ru/vacancy/91710626?query=data+scientist&hhtmFrom=vacancy_search_list,hh.ru
296,Data Scientist (NLP),ЗП не указана,https://hh.ru/vacancy/90451887?query=data+scientist&hhtmFrom=vacancy_search_list,hh.ru
297,QA Automation Engineer,ЗП не указана,https://hh.ru/vacancy/91809684?query=data+scientist&hhtmFrom=vacancy_search_list,hh.ru
298,Middle NLP Data Scientist / GigaChat,ЗП не указана,https://hh.ru/vacancy/91675633?query=data+scientist&hhtmFrom=vacancy_search_list,hh.ru
299,Ментор по Data Science (middle/senior),от 25 000 ₽,https://hh.ru/vacancy/91670853?query=data+scientist&hhtmFrom=vacancy_search_list,hh.ru
300,Senior Data Scientist (NLP),ЗП не указана,https://hh.ru/vacancy/91652643?query=data+scientist&hhtmFrom=vacancy_search_list,hh.ru
301,Team Lead data scientist (Рекомендательные системы и анализ цены),ЗП не указана,https://hh.ru/vacancy/91676567?query=data+scientist&hhtmFrom=vacancy_search_list,hh.ru
302,Senior Python Developer,от 350 000 ₽,https://hh.ru/vacancy/80803272?query=data+scientist&hhtmFrom=vacancy_search_list,hh.ru
303,Team lead Data Scientist,ЗП не указана,https://hh.ru/vacancy/91650463?query=data+scientist&hhtmFrom=vacancy_search_list,hh.ru
304,Junior Data scientist,ЗП не указана,https://hh.ru/vacancy/90476368?query=data+scientist&hhtmFrom=vacancy_search_list,hh.ru
305,DevOps Engineer в команду Alternative Data,ЗП не указана,https://hh.ru/vacancy/91753976?query=data+scientist&hhtmFrom=vacancy_search_list,hh.ru
306,Senior Data scientist,ЗП не указана,https://hh.ru/vacancy/91614141?query=data+scientist&hhtmFrom=vacancy_search_list,hh.ru
307,Дата аналитик GigaChat,ЗП не указана,https://hh.ru/vacancy/91671191?query=data+scientist&hhtmFrom=vacancy_search_list,hh.ru
308,Data scientist (Центр модельных рисков розничного бизнеса),ЗП не указана,https://hh.ru/vacancy/91602862?query=data+scientist&hhtmFrom=vacancy_search_list,hh.ru
309,Senior Data Scientist (Центр модельных рисков КИБ),ЗП не указана,https://hh.ru/vacancy/91603405?query=data+scientist&hhtmFrom=vacancy_search_list,hh.ru
310,Team Lead Data Scientist,ЗП не указана,https://hh.ru/vacancy/91611479?query=data+scientist&hhtmFrom=vacancy_search_list,hh.ru
311,Data Engineer направления разработки витрин данных,ЗП не указана,https://hh.ru/vacancy/89665694?query=data+scientist&hhtmFrom=vacancy_search_list,hh.ru
312,Chief data officer,ЗП не указана,https://hh.ru/vacancy/91672984?query=data+scientist&hhtmFrom=vacancy_search_list,hh.ru
313,Senior Data scientist (Управление рисками корпоративных клиентов),ЗП не указана,https://hh.ru/vacancy/91602969?query=data+scientist&hhtmFrom=vacancy_search_list,hh.ru
314,Бизнес-аналитик,ЗП не указана,https://hh.ru/vacancy/91640692?query=data+scientist&hhtmFrom=vacancy_search_list,hh.ru
315,Инженер по информационной безопасности (программист-исследователь),ЗП не указана,https://hh.ru/vacancy/89320462?query=data+scientist&hhtmFrom=vacancy_search_list,hh.ru
316,Исследователь алгоритмов машинного обучения Data Scientist / ML Researcher,ЗП не указана,https://hh.ru/vacancy/91567010?query=data+scientist&hhtmFrom=vacancy_search_list,hh.ru
317,Data Scientist (Team Lead),ЗП не указана,https://hh.ru/vacancy/91562090?query=data+scientist&hhtmFrom=vacancy_search_list,hh.ru
318,Middle/ middle+ Data Scientist,ЗП не указана,https://hh.ru/vacancy/91539075?query=data+scientist&hhtmFrom=vacancy_search_list,hh.ru
319,Senior Data Scientist (NLP),ЗП не указана,https://hh.ru/vacancy/91545479?query=data+scientist&hhtmFrom=vacancy_search_list,hh.ru
320,Senior Data Scientist CV (Generative design),ЗП не указана,https://hh.ru/vacancy/89378243?query=data+scientist&hhtmFrom=vacancy_search_list,hh.ru
321,Senior Python Engineer (relocation to Yerevan),ЗП не указана,https://hh.ru/vacancy/91191410?query=data+scientist&hhtmFrom=vacancy_search_list,hh.ru
322,Data Scientist в Trust & Safety,ЗП не указана,https://hh.ru/vacancy/90903723?query=data+scientist&hhtmFrom=vacancy_search_list,hh.ru
323,Senior Data Scientist в Блок B2C,ЗП не указана,https://hh.ru/vacancy/91471865?query=data+scientist&hhtmFrom=vacancy_search_list,hh.ru
324,Data Scientist / ML-Engineer в Розничный бизнес,ЗП не указана,https://hh.ru/vacancy/90281149?query=data+scientist&hhtmFrom=vacancy_search_list,hh.ru
325,Team Lead Data Scientist (RecSys),ЗП не указана,https://hh.ru/vacancy/90439555?query=data+scientist&hhtmFrom=vacancy_search_list,hh.ru
326,Team Lead Data Scientist CV (Generative design),ЗП не указана,https://hh.ru/vacancy/91449126?query=data+scientist&hhtmFrom=vacancy_search_list,hh.ru
327,Product Owner MLOps,ЗП не указана,https://hh.ru/vacancy/91538818?query=data+scientist&hhtmFrom=vacancy_search_list,hh.ru
328,Trade Marketing Category Lead,ЗП не указана,https://hh.ru/vacancy/88231298?query=data+scientist&hhtmFrom=vacancy_search_list,hh.ru
329,DevOps под платформу данных,ЗП не указана,https://hh.ru/vacancy/91551814?query=data+scientist&hhtmFrom=vacancy_search_list,hh.ru
330,Senior Data Scientist,ЗП не указана,https://hh.ru/vacancy/91399975?query=data+scientist&hhtmFrom=vacancy_search_list,hh.ru
331,"Стажёр Data scientist, Группа ""Языковые модели и генеративный дизайн"", Контент и товары",ЗП не указана,https://hh.ru/vacancy/91395523?query=data+scientist&hhtmFrom=vacancy_search_list,hh.ru
332,Senior Data Scientist [NUUM],ЗП не указана,https://hh.ru/vacancy/90499078?query=data+scientist&hhtmFrom=vacancy_search_list,hh.ru
333,"Старший Data Scientist, Эффективность рекламы",ЗП не указана,https://hh.ru/vacancy/89537925?query=data+scientist&hhtmFrom=vacancy_search_list,hh.ru
334,Senior/Lead Data Scientist,ЗП не указана,https://hh.ru/vacancy/91351903?query=data+scientist&hhtmFrom=vacancy_search_list,hh.ru
335,Data Engineer в рекламные технологии,ЗП не указана,https://hh.ru/vacancy/90216721?query=data+scientist&hhtmFrom=vacancy_search_list,hh.ru
336,Team Lead DS (команда Лояльности),ЗП не указана,https://hh.ru/vacancy/91472802?query=data+scientist&hhtmFrom=vacancy_search_list,hh.ru
337,Machine Learning Engineer (NLP/LLM),ЗП не указана,https://hh.ru/vacancy/91363463?query=data+scientist&hhtmFrom=vacancy_search_list,hh.ru
338,Специалист по работе с большими данными (data scientist) Департамента страт развития,ЗП не указана,https://hh.ru/vacancy/91330370?query=data+scientist&hhtmFrom=vacancy_search_list,hh.ru
339,"Middle data scientist (NLP), Sber AI",ЗП не указана,https://hh.ru/vacancy/91295256?query=data+scientist&hhtmFrom=vacancy_search_list,hh.ru
340,Middle \ Senior Data scientist (команды CRM и модели оптимизации),ЗП не указана,https://hh.ru/vacancy/87192229?query=data+scientist&hhtmFrom=vacancy_search_list,hh.ru
341,Regional Market Access Manager,ЗП не указана,https://hh.ru/vacancy/91485574?query=data+scientist&hhtmFrom=vacancy_search_list,hh.ru
342,Delivery Manager,ЗП не указана,https://hh.ru/vacancy/91416091?query=data+scientist&hhtmFrom=vacancy_search_list,hh.ru
343,Middle/Senior Python Developer,ЗП не указана,https://hh.ru/vacancy/91292931?query=data+scientist&hhtmFrom=vacancy_search_list,hh.ru
344,"Senior Power BI developer (IAEA), remote",до 5 000 €,https://hh.ru/vacancy/91191524?query=data+scientist&hhtmFrom=vacancy_search_list,hh.ru
345,Middle/Senior Machine Learning Engineer in Uzum Tezkor,ЗП не указана,https://hh.ru/vacancy/91169695?query=data+scientist&hhtmFrom=vacancy_search_list,hh.ru
346,Big Data Analyst (Аналитик),120 000 – 120 000 ₽,https://hh.ru/vacancy/91325271?query=data+scientist&hhtmFrom=vacancy_search_list,hh.ru
