,vacancy,salary,link,site
0,Data engineer,ЗП не указана,https://hh.ru/vacancy/73471184?query=data+engineer,hh.ru
1,Python developer (Machine Learning Engineer),ЗП не указана,https://hh.ru/vacancy/73468878?query=data+engineer,hh.ru
2,Middle/Senior Data Engineer в Sber AI Lab,ЗП не указана,https://hh.ru/vacancy/73471713?query=data+engineer,hh.ru
3,NLP исследователь в группу AI в медицине Sber AI Lab,ЗП не указана,https://hh.ru/vacancy/73469286?query=data+engineer,hh.ru
4,Data engineer,ЗП не указана,https://hh.ru/vacancy/72030869?query=data+engineer,hh.ru
5,Python developer (Machine Learning Engineer),ЗП не указана,https://hh.ru/vacancy/72074865?query=data+engineer,hh.ru
6,Middle/Senior Data Engineer в Sber AI Lab,ЗП не указана,https://hh.ru/vacancy/72868606?query=data+engineer,hh.ru
7,Data Engineer (Senior/Middle+),ЗП не указана,https://hh.ru/vacancy/73042116?query=data+engineer,hh.ru
8,Младший разработчик баз данных MS SQL/Data engineer,ЗП не указана,https://hh.ru/vacancy/72551483?query=data+engineer,hh.ru
9,Data Engineer,от 300 000 руб.,https://hh.ru/vacancy/74080730?query=data+engineer,hh.ru
10,Engineering manager (Serbia),от 5 000 USD,https://hh.ru/vacancy/73831803?query=data+engineer,hh.ru
11,Data Engineer DWH,150 000 – 200 000 руб.,https://hh.ru/vacancy/73828307?query=data+engineer,hh.ru
12,Senior Machine Learning Engineer,4 000 – 5 800 EUR,https://hh.ru/vacancy/73259890?query=data+engineer,hh.ru
13,Data Engineer,от 230 000 руб.,https://hh.ru/vacancy/73448242?query=data+engineer,hh.ru
14,Data Engineer,до 300 000 руб.,https://hh.ru/vacancy/74130973?query=data+engineer,hh.ru
15,Senior Data Engineer,4 000 – 6 000 EUR,https://hh.ru/vacancy/74105031?query=data+engineer,hh.ru
16,Data Engineer/Дата Инженер,ЗП не указана,https://hh.ru/vacancy/72368279?query=data+engineer,hh.ru
17,Junior Data Engineer / Data Analyst,ЗП не указана,https://hh.ru/vacancy/74099553?query=data+engineer,hh.ru
18,Data Engineer,ЗП не указана,https://hh.ru/vacancy/74105597?query=data+engineer,hh.ru
19,Data Scientist,ЗП не указана,https://hh.ru/vacancy/70243733?query=data+engineer,hh.ru
20,Data Engineer,175 000 – 250 000 руб.,https://hh.ru/vacancy/73765395?query=data+engineer,hh.ru
21,Дата-сайентист / Data Scientist (Computer Vision),ЗП не указана,https://hh.ru/vacancy/73765791?query=data+engineer,hh.ru
22,Lead Data Engineer,от 250 000 руб.,https://hh.ru/vacancy/73382630?query=data+engineer,hh.ru
23,Data Scientist,ЗП не указана,https://hh.ru/vacancy/74139791?query=data+engineer,hh.ru
24,Data Scientist,ЗП не указана,https://hh.ru/vacancy/73775171?query=data+engineer,hh.ru
25,Data Engineer,ЗП не указана,https://hh.ru/vacancy/73769756?query=data+engineer,hh.ru
26,Data Engineer/Инженер данных,ЗП не указана,https://hh.ru/vacancy/74148238?query=data+engineer,hh.ru
27,Data Engineer,от 190 000 руб.,https://hh.ru/vacancy/74083924?query=data+engineer,hh.ru
28,Data engineer,ЗП не указана,https://hh.ru/vacancy/73752220?query=data+engineer,hh.ru
29,Data engineer /Разработчик dwh,до 250 000 руб.,https://hh.ru/vacancy/73274070?query=data+engineer,hh.ru
30,Data Engineer,ЗП не указана,https://hh.ru/vacancy/72054128?query=data+engineer,hh.ru
31,PBI Data Engineer,ЗП не указана,https://hh.ru/vacancy/73871346?query=data+engineer,hh.ru
32,Head Data Engineer (ETL),ЗП не указана,https://hh.ru/vacancy/73796953?query=data+engineer,hh.ru
33,Data engineer,ЗП не указана,https://hh.ru/vacancy/72691061?query=data+engineer,hh.ru
34,Data engineer / Data scientist / Руководитель отдела аналитики,200 000 – 300 000 руб.,https://hh.ru/vacancy/71836841?query=data+engineer,hh.ru
35,Data Engineer (Big Data),ЗП не указана,https://hh.ru/vacancy/73704698?query=data+engineer,hh.ru
36,Data Engineer,ЗП не указана,https://hh.ru/vacancy/74005859?query=data+engineer,hh.ru
37,Data Scientist (команда Поиска),от 350 000 руб.,https://hh.ru/vacancy/71426958?query=data+engineer,hh.ru
38,Data Engineer (ETL+ML),ЗП не указана,https://hh.ru/vacancy/74061167?query=data+engineer,hh.ru
39,Middle/Senior Data Engineer,от 200 000 руб.,https://hh.ru/vacancy/71220088?query=data+engineer,hh.ru
40,Senior data engineer,ЗП не указана,https://hh.ru/vacancy/74039591?query=data+engineer,hh.ru
41,Data Engineer (Power BI),ЗП не указана,https://hh.ru/vacancy/72802361?query=data+engineer,hh.ru
42,Data Engineer / ML Engineer,ЗП не указана,https://hh.ru/vacancy/74047834?query=data+engineer,hh.ru
43,Data engineer,ЗП не указана,https://hh.ru/vacancy/73990522?query=data+engineer,hh.ru
44,Data Engineer,ЗП не указана,https://hh.ru/vacancy/73808126?query=data+engineer,hh.ru
45,Data Scientist / ML-инженер (Big Data),ЗП не указана,https://hh.ru/vacancy/54996943?query=data+engineer,hh.ru
46,Data Engineer,ЗП не указана,https://hh.ru/vacancy/71416678?query=data+engineer,hh.ru
47,Data Engineer,ЗП не указана,https://hh.ru/vacancy/74157580?query=data+engineer,hh.ru
48,Data Engineer,ЗП не указана,https://hh.ru/vacancy/72426578?query=data+engineer,hh.ru
49,Data Analyst,ЗП не указана,https://hh.ru/vacancy/73867189?query=data+engineer,hh.ru
50,Data engineer,ЗП не указана,https://hh.ru/vacancy/72883607?query=data+engineer,hh.ru
51,Senior Data Engineer (DataPlatform team),ЗП не указана,https://hh.ru/vacancy/69614008?query=data+engineer,hh.ru
52,Data Engineer,ЗП не указана,https://hh.ru/vacancy/72004373?query=data+engineer,hh.ru
53,Data Engineer (Greenplum / Arenadata DB),ЗП не указана,https://hh.ru/vacancy/74103177?query=data+engineer,hh.ru
54,Data Engineer в Цифровую лабораторию,ЗП не указана,https://hh.ru/vacancy/72854900?query=data+engineer,hh.ru
55,Data Scientist Middle/Senior,ЗП не указана,https://hh.ru/vacancy/71322369?query=data+engineer,hh.ru
56,Data engineer / Разработчик DWH / ETL developer,ЗП не указана,https://hh.ru/vacancy/72673144?query=data+engineer,hh.ru
57,Chief Data Scientist / DS Team Lead,ЗП не указана,https://hh.ru/vacancy/71354549?query=data+engineer,hh.ru
58,Middle+ / Senior Data Engineer,от 200 000 руб.,https://hh.ru/vacancy/69475611?query=data+engineer,hh.ru
59,Data Engineer (Инженер данных),ЗП не указана,https://hh.ru/vacancy/73777591?query=data+engineer,hh.ru
60,Data Engineer,ЗП не указана,https://hh.ru/vacancy/73888449?query=data+engineer,hh.ru
61,Data Scientist to Armenia,до 5 600 USD,https://hh.ru/vacancy/73824367?query=data+engineer,hh.ru
62,Data Engineer в HR Tech,ЗП не указана,https://hh.ru/vacancy/71292739?query=data+engineer,hh.ru
63,Data Engineer middle+,ЗП не указана,https://hh.ru/vacancy/73511648?query=data+engineer,hh.ru
64,Engineer data,ЗП не указана,https://hh.ru/vacancy/73146403?query=data+engineer,hh.ru
65,Data Analyst,ЗП не указана,https://hh.ru/vacancy/73043533?query=data+engineer,hh.ru
66,Data Engineer middle / senior,ЗП не указана,https://hh.ru/vacancy/73249690?query=data+engineer,hh.ru
67,Data Insight Analytics Expert,ЗП не указана,https://hh.ru/vacancy/73999946?query=data+engineer,hh.ru
68,Data engineer / Ведущий Аналитик,200 000 – 300 000 руб.,https://hh.ru/vacancy/69279729?query=data+engineer,hh.ru
69,Data Engineer junior +,ЗП не указана,https://hh.ru/vacancy/73851608?query=data+engineer,hh.ru
70,Data Analyst (English),ЗП не указана,https://hh.ru/vacancy/73814342?query=data+engineer,hh.ru
71,Data Engineer,от 200 000 руб.,https://hh.ru/vacancy/72312345?query=data+engineer,hh.ru
72,QA инженер в BigData,ЗП не указана,https://hh.ru/vacancy/73982301?query=data+engineer,hh.ru
73,Data инженер,ЗП не указана,https://hh.ru/vacancy/73828825?query=data+engineer,hh.ru
74,Data Scientist (Северсталь Диджитал),ЗП не указана,https://hh.ru/vacancy/73407773?query=data+engineer,hh.ru
75,Data engineer,ЗП не указана,https://hh.ru/vacancy/72679130?query=data+engineer,hh.ru
76,Team Lead Data Engineer (Big Data),ЗП не указана,https://hh.ru/vacancy/73998234?query=data+engineer,hh.ru
77,Middle Data / ML Engineer (Персонализация),ЗП не указана,https://hh.ru/vacancy/45498560?query=data+engineer,hh.ru
78,Data Engineer (Middle+),ЗП не указана,https://hh.ru/vacancy/74093372?query=data+engineer,hh.ru
79,Data engineer,ЗП не указана,https://hh.ru/vacancy/73990483?query=data+engineer,hh.ru
80,Data Engineer,ЗП не указана,https://hh.ru/vacancy/70848827?query=data+engineer,hh.ru
81,Data Scientist / ML Инженер,ЗП не указана,https://hh.ru/vacancy/71714632?query=data+engineer,hh.ru
82,DATA инженер,от 200 000 руб.,https://hh.ru/vacancy/72933384?query=data+engineer,hh.ru
83,Lead Data Scientist (booking platform),ЗП не указана,https://hh.ru/vacancy/72663343?query=data+engineer,hh.ru
84,Data engineer (middle),ЗП не указана,https://hh.ru/vacancy/73815773?query=data+engineer,hh.ru
85,Data engineer,ЗП не указана,https://hh.ru/vacancy/72745376?query=data+engineer,hh.ru
86,Middle+/Senior Data Analyst,ЗП не указана,https://hh.ru/vacancy/73779126?query=data+engineer,hh.ru
87,Data engineer (МТS AI),ЗП не указана,https://hh.ru/vacancy/73022440?query=data+engineer,hh.ru
88,Аналитик/Data Engineer,ЗП не указана,https://hh.ru/vacancy/73774017?query=data+engineer,hh.ru
89,Data engineer (Python Hadoop Spark),ЗП не указана,https://hh.ru/vacancy/73842065?query=data+engineer,hh.ru
90,Data engineer на продукт Антиспам (Big Data),ЗП не указана,https://hh.ru/vacancy/73699841?query=data+engineer,hh.ru
91,DataOps Engineer,ЗП не указана,https://hh.ru/vacancy/70430355?query=data+engineer,hh.ru
92,Data Engineer DWH,ЗП не указана,https://hh.ru/vacancy/73186377?query=data+engineer,hh.ru
93,Data Engineer (Core Banking Products),ЗП не указана,https://hh.ru/vacancy/72086339?query=data+engineer,hh.ru
94,Data Engineer (ETL),ЗП не указана,https://hh.ru/vacancy/72882319?query=data+engineer,hh.ru
95,Data Engineer,ЗП не указана,https://hh.ru/vacancy/72884754?query=data+engineer,hh.ru
96,Business Data Engineer,ЗП не указана,https://hh.ru/vacancy/73888455?query=data+engineer,hh.ru
97,Senior Data Engineer,ЗП не указана,https://hh.ru/vacancy/73828260?query=data+engineer,hh.ru
98,Data-инженер/Дата-инженер/Инженер данных,до 200 000 руб.,https://hh.ru/vacancy/74006513?query=data+engineer,hh.ru
99,Data engineer,ЗП не указана,https://hh.ru/vacancy/70473067?query=data+engineer,hh.ru
100,Data Engineer,180 000 – 210 000 руб.,https://hh.ru/vacancy/73144346?query=data+engineer,hh.ru
101,Data engineer в СберМаркет,ЗП не указана,https://hh.ru/vacancy/55374209?query=data+engineer,hh.ru
102,Data engineer,ЗП не указана,https://hh.ru/vacancy/73811444?query=data+engineer,hh.ru
103,Data Engineer,ЗП не указана,https://hh.ru/vacancy/73832826?query=data+engineer,hh.ru
104,Data Analyst (DA)/Data Engineer(DE),ЗП не указана,https://hh.ru/vacancy/72297427?query=data+engineer,hh.ru
105,Senior Data Engineer/Data Engineer,ЗП не указана,https://hh.ru/vacancy/71227206?query=data+engineer,hh.ru
106,Дата инженер (Data engineer) Управление модельных рисков и валидации,ЗП не указана,https://hh.ru/vacancy/70506992?query=data+engineer,hh.ru
107,DataEngineer (Дата-инженер/Специалист по работе с данными),ЗП не указана,https://hh.ru/vacancy/71926094?query=data+engineer,hh.ru
108,Senior Data-инженер,ЗП не указана,https://hh.ru/vacancy/73353514?query=data+engineer,hh.ru
109,Senior Data Engineer (проект CVM),ЗП не указана,https://hh.ru/vacancy/69310084?query=data+engineer,hh.ru
110,Data Engineer/Support Engineer,ЗП не указана,https://hh.ru/vacancy/73820697?query=data+engineer,hh.ru
111,Data Engineer,ЗП не указана,https://hh.ru/vacancy/73824629?query=data+engineer,hh.ru
112,Разработчик DWH Hadoop/Data Engineer,ЗП не указана,https://hh.ru/vacancy/73825261?query=data+engineer,hh.ru
113,Senior Data Engineer (Search),ЗП не указана,https://hh.ru/vacancy/73118539?query=data+engineer,hh.ru
114,Senior Data Engineer (Streaming),ЗП не указана,https://hh.ru/vacancy/69049305?query=data+engineer,hh.ru
115,Data Analyst Python,ЗП не указана,https://hh.ru/vacancy/72064164?query=data+engineer,hh.ru
116,Data Engineer Lead / Дата инженер,ЗП не указана,https://hh.ru/vacancy/71822064?query=data+engineer,hh.ru
117,Data Engineer,ЗП не указана,https://hh.ru/vacancy/71215540?query=data+engineer,hh.ru
118,Data engineer (Big Data),ЗП не указана,https://hh.ru/vacancy/71258796?query=data+engineer,hh.ru
119,Data Engineer,ЗП не указана,https://hh.ru/vacancy/67136636?query=data+engineer,hh.ru
120,Data Engineer (Комплаенс),ЗП не указана,https://hh.ru/vacancy/73825513?query=data+engineer,hh.ru
121,ML engineer/Data engineer,ЗП не указана,https://hh.ru/vacancy/72373055?query=data+engineer,hh.ru
122,Senior Data / ML Engineer (Персонализация),ЗП не указана,https://hh.ru/vacancy/66550537?query=data+engineer,hh.ru
123,Data Engineer (Data Office),ЗП не указана,https://hh.ru/vacancy/69953081?query=data+engineer,hh.ru
124,Senior Python developer (Ds направление),ЗП не указана,https://hh.ru/vacancy/73984561?query=data+engineer,hh.ru
125,Data Engineer,ЗП не указана,https://hh.ru/vacancy/72242855?query=data+engineer,hh.ru
126,Data engineer,ЗП не указана,https://hh.ru/vacancy/72133256?query=data+engineer,hh.ru
127,Data Engineer,ЗП не указана,https://hh.ru/vacancy/73466753?query=data+engineer,hh.ru
128,Data Engineer (BI–отчетность),ЗП не указана,https://hh.ru/vacancy/70994496?query=data+engineer,hh.ru
129,Senior Data scientist [CJ Monitoring & Discovery],ЗП не указана,https://hh.ru/vacancy/73822931?query=data+engineer,hh.ru
130,Quantitative researcher,5 700 – 7 000 USD,https://hh.ru/vacancy/71914206?query=data+engineer,hh.ru
131,Senior Data Engineer,ЗП не указана,https://hh.ru/vacancy/73828960?query=data+engineer,hh.ru
132,Data Engineer,ЗП не указана,https://hh.ru/vacancy/69658696?query=data+engineer,hh.ru
133,Data Engineer,95 000 – 150 000 руб.,https://hh.ru/vacancy/73016622?query=data+engineer,hh.ru
134,Data engineer\analyst (развитие источников данных Big Data),ЗП не указана,https://hh.ru/vacancy/68958646?query=data+engineer,hh.ru
135,Data scientist (Гео и графы),ЗП не указана,https://hh.ru/vacancy/73913821?query=data+engineer,hh.ru
136,Data engineer (интеграция с источниками),ЗП не указана,https://hh.ru/vacancy/73502816?query=data+engineer,hh.ru
137,Data Scientist/Data Analyst,ЗП не указана,https://hh.ru/vacancy/73872513?query=data+engineer,hh.ru
138,Data Engineer в команду «Сеть Продаж»,ЗП не указана,https://hh.ru/vacancy/70417491?query=data+engineer,hh.ru
139,Senior Data Scientist,ЗП не указана,https://hh.ru/vacancy/73387970?query=data+engineer,hh.ru
140,Дата-инженер / Data Engineer,от 130 000 руб.,https://hh.ru/vacancy/71236005?query=data+engineer,hh.ru
141,Data Engineer в команду создания Дата-платформы Розничного бизнеса,ЗП не указана,https://hh.ru/vacancy/73146053?query=data+engineer,hh.ru
142,Data Engineer,ЗП не указана,https://hh.ru/vacancy/73528420?query=data+engineer,hh.ru
143,Data engineer,ЗП не указана,https://hh.ru/vacancy/73461791?query=data+engineer,hh.ru
144,Старший дата-инженер / Senior Data Engineer,от 270 000 руб.,https://hh.ru/vacancy/72161518?query=data+engineer,hh.ru
145,Middle Data Engineer (Process Mining),ЗП не указана,https://hh.ru/vacancy/73703613?query=data+engineer,hh.ru
146,MLops engineer,ЗП не указана,https://hh.ru/vacancy/73324607?query=data+engineer,hh.ru
147,Data Engineer,ЗП не указана,https://hh.ru/vacancy/68929494?query=data+engineer,hh.ru
148,Data engineer (ДИР),ЗП не указана,https://hh.ru/vacancy/72220912?query=data+engineer,hh.ru
149,Data Engineer/ Аналитик данных,ЗП не указана,https://hh.ru/vacancy/73089818?query=data+engineer,hh.ru
150,Data QA Engineer,ЗП не указана,https://hh.ru/vacancy/73723330?query=data+engineer,hh.ru
151,Data Engineer,ЗП не указана,https://hh.ru/vacancy/73394362?query=data+engineer,hh.ru
152,Data Engineer,ЗП не указана,https://hh.ru/vacancy/71025423?query=data+engineer,hh.ru
153,Data инженер,ЗП не указана,https://hh.ru/vacancy/73855026?query=data+engineer,hh.ru
154,Middle ML Engineer/ Data Engineer,ЗП не указана,https://hh.ru/vacancy/73754731?query=data+engineer,hh.ru
155,Data Engineer направления разработки витрин данных,ЗП не указана,https://hh.ru/vacancy/69418341?query=data+engineer,hh.ru
156,Data engineer в Retail Finance Technology Team,ЗП не указана,https://hh.ru/vacancy/73538037?query=data+engineer,hh.ru
157,Senior Data Scientist / ML Engineer,300 000 – 450 000 руб.,https://hh.ru/vacancy/72889287?query=data+engineer,hh.ru
158,Middle Data Scientist / ML Engineer,ЗП не указана,https://hh.ru/vacancy/71232983?query=data+engineer,hh.ru
159,Data Engineer (СберСпасибо),ЗП не указана,https://hh.ru/vacancy/71867553?query=data+engineer,hh.ru
160,Data Engineer,ЗП не указана,https://hh.ru/vacancy/73474349?query=data+engineer,hh.ru
161,Data-инженер,ЗП не указана,https://hh.ru/vacancy/73508243?query=data+engineer,hh.ru
162,Data Engineer,ЗП не указана,https://hh.ru/vacancy/69667749?query=data+engineer,hh.ru
163,Data Engineer (Ранжирование),ЗП не указана,https://hh.ru/vacancy/70979594?query=data+engineer,hh.ru
164,Data Scientist,ЗП не указана,https://hh.ru/vacancy/73774029?query=data+engineer,hh.ru
165,Data Engineer (Scala/Java),ЗП не указана,https://hh.ru/vacancy/73121584?query=data+engineer,hh.ru
166,Data Engineer,от 300 000 руб.,https://hh.ru/vacancy/72887155?query=data+engineer,hh.ru
167,Data engineer,ЗП не указана,https://hh.ru/vacancy/67996146?query=data+engineer,hh.ru
168,Data engineer,ЗП не указана,https://hh.ru/vacancy/66103323?query=data+engineer,hh.ru
169,Data Engineer,ЗП не указана,https://hh.ru/vacancy/72120422?query=data+engineer,hh.ru
170,Senior Data engineer,ЗП не указана,https://hh.ru/vacancy/67996180?query=data+engineer,hh.ru
171,Data Engineering Team Lead,ЗП не указана,https://hh.ru/vacancy/73700157?query=data+engineer,hh.ru
172,Senior Data Engineer в Финтех,ЗП не указана,https://hh.ru/vacancy/52071705?query=data+engineer,hh.ru
173,Data analyst,ЗП не указана,https://hh.ru/vacancy/70806558?query=data+engineer,hh.ru
174,ML engineer,ЗП не указана,https://hh.ru/vacancy/55441562?query=data+engineer,hh.ru
175,Middle ML Engineer/Data Scientist в Рекомендательную платформу (Big Data),ЗП не указана,https://hh.ru/vacancy/73587898?query=data+engineer,hh.ru
176,Data Engineer,ЗП не указана,https://hh.ru/vacancy/73351033?query=data+engineer,hh.ru
177,Data Engineer (Портал gosuslugi.ru),ЗП не указана,https://hh.ru/vacancy/73527881?query=data+engineer,hh.ru
178,Data engineer,ЗП не указана,https://hh.ru/vacancy/72867512?query=data+engineer,hh.ru
179,Data Engineer,ЗП не указана,https://hh.ru/vacancy/73093549?query=data+engineer,hh.ru
180,Middle/Senior Data Engineer,ЗП не указана,https://hh.ru/vacancy/73726988?query=data+engineer,hh.ru
181,Data Engineer (Promo Forecast),ЗП не указана,https://hh.ru/vacancy/71066116?query=data+engineer,hh.ru
182,Data инженер,ЗП не указана,https://hh.ru/vacancy/73443417?query=data+engineer,hh.ru
183,Data engineer в Yandex Cloud,ЗП не указана,https://hh.ru/vacancy/72889042?query=data+engineer,hh.ru
184,Data engineer,ЗП не указана,https://hh.ru/vacancy/66187574?query=data+engineer,hh.ru
185,Data Engineer,ЗП не указана,https://hh.ru/vacancy/73396605?query=data+engineer,hh.ru
186,Data-инженер (команда поведенческих технологий),ЗП не указана,https://hh.ru/vacancy/73855622?query=data+engineer,hh.ru
187,Data engineer,ЗП не указана,https://hh.ru/vacancy/73233466?query=data+engineer,hh.ru
188,Инженер данных – Delivery Engineer - Департамент управленческого консультирования,ЗП не указана,https://hh.ru/vacancy/72399620?query=data+engineer,hh.ru
189,Data Engineer в команду DWH,ЗП не указана,https://hh.ru/vacancy/71630949?query=data+engineer,hh.ru
190,Data инженер,ЗП не указана,https://hh.ru/vacancy/73388902?query=data+engineer,hh.ru
191,Data engineer performance analyst,ЗП не указана,https://hh.ru/vacancy/73477849?query=data+engineer,hh.ru
192,Data engineer (Рекламная платформа),ЗП не указана,https://hh.ru/vacancy/70980358?query=data+engineer,hh.ru
193,Автор-разработчик курсов/эксперт в Data Engineering,ЗП не указана,https://hh.ru/vacancy/73751287?query=data+engineer,hh.ru
194,Data Architect,ЗП не указана,https://hh.ru/vacancy/71159784?query=data+engineer,hh.ru
195,Data Engineer (middle),ЗП не указана,https://hh.ru/vacancy/73323172?query=data+engineer,hh.ru
196,Senior Data Engineer,ЗП не указана,https://hh.ru/vacancy/71079446?query=data+engineer,hh.ru
197,Data Scientist,ЗП не указана,https://hh.ru/vacancy/73343526?query=data+engineer,hh.ru
198,Data engineer (ML),ЗП не указана,https://hh.ru/vacancy/73145059?query=data+engineer,hh.ru
199,Senior Data engineer,ЗП не указана,https://hh.ru/vacancy/72211424?query=data+engineer,hh.ru
200,Senior Data engineer,ЗП не указана,https://hh.ru/vacancy/72211424?query=data+engineer,hh.ru
201,Data Steward,ЗП не указана,https://hh.ru/vacancy/70807525?query=data+engineer,hh.ru
202,DevOps engineer,от 3 000 EUR,https://hh.ru/vacancy/69924752?query=data+engineer,hh.ru
203,Data Engineer (Кампании продаж),ЗП не указана,https://hh.ru/vacancy/70103342?query=data+engineer,hh.ru
204,Data Engineer (Рекомендательная система),ЗП не указана,https://hh.ru/vacancy/72737252?query=data+engineer,hh.ru
205,Data engineer (Business Solutions),ЗП не указана,https://hh.ru/vacancy/68891469?query=data+engineer,hh.ru
206,Data Engineer,ЗП не указана,https://hh.ru/vacancy/66519211?query=data+engineer,hh.ru
207,Data Engineer (Устройства Самообслуживания),ЗП не указана,https://hh.ru/vacancy/71800358?query=data+engineer,hh.ru
208,Data Engineer в команду автоматизации ML-процессов,ЗП не указана,https://hh.ru/vacancy/71293291?query=data+engineer,hh.ru
209,Data Engineer,ЗП не указана,https://hh.ru/vacancy/72289048?query=data+engineer,hh.ru
210,Data Engineer,ЗП не указана,https://hh.ru/vacancy/71521049?query=data+engineer,hh.ru
211,Data Analyst (СберСпасибо),ЗП не указана,https://hh.ru/vacancy/71868080?query=data+engineer,hh.ru
212,Разработчик DWH/ Data engineer,ЗП не указана,https://hh.ru/vacancy/71998320?query=data+engineer,hh.ru
213,"Senior Python Developer / Data Engineer в команду Data Catalog, платформа ML Space",ЗП не указана,https://hh.ru/vacancy/71902417?query=data+engineer,hh.ru
214,Senior Data Engineer,ЗП не указана,https://hh.ru/vacancy/73098987?query=data+engineer,hh.ru
215,Data Engineer (Аудиторные технологии),ЗП не указана,https://hh.ru/vacancy/70979772?query=data+engineer,hh.ru
216,Supply Data Analyst,ЗП не указана,https://hh.ru/vacancy/73036179?query=data+engineer,hh.ru
217,Associate Professor - Data Science&AI,ЗП не указана,https://hh.ru/vacancy/73328853?query=data+engineer,hh.ru
218,Assistant Professor - Data Science&AI,ЗП не указана,https://hh.ru/vacancy/73328547?query=data+engineer,hh.ru
219,Senior Data Engineer,ЗП не указана,https://hh.ru/vacancy/54975410?query=data+engineer,hh.ru
220,Data Engineer (Hadoop),ЗП не указана,https://hh.ru/vacancy/55308054?query=data+engineer,hh.ru
221,Data Scientist / Machine Learning Engineer,ЗП не указана,https://hh.ru/vacancy/73453368?query=data+engineer,hh.ru
222,3D Environment Artist,ЗП не указана,https://hh.ru/vacancy/73587742?query=data+engineer,hh.ru
223,Python инженер,ЗП не указана,https://hh.ru/vacancy/73711033?query=data+engineer,hh.ru
224,WS and FF engineer,250 000 – 300 000 руб.,https://hh.ru/vacancy/73435543?query=data+engineer,hh.ru
225,Data Scientist,ЗП не указана,https://hh.ru/vacancy/70862418?query=data+engineer,hh.ru
226,Data Scientist в команду лояльности СберСпасибо,ЗП не указана,https://hh.ru/vacancy/74183834?query=data+engineer,hh.ru
227,Senior Data Scientist,до 300 000 руб.,https://hh.ru/vacancy/70168410?query=data+engineer,hh.ru
228,Инженер данных,ЗП не указана,https://hh.ru/vacancy/71229402?query=data+engineer,hh.ru
229,Team lead Data scientist (проект Ucell),ЗП не указана,https://hh.ru/vacancy/73245446?query=data+engineer,hh.ru
230,Ведущий разработчик баз данных DWH/ETL/Data engineer,ЗП не указана,https://hh.ru/vacancy/73764134?query=data+engineer,hh.ru
231,Специалист технической поддержки,120 000 – 160 000 руб.,https://hh.ru/vacancy/71345689?query=data+engineer,hh.ru
232,Data scientist Middle/Middle+ (офис),100 000 – 200 000 руб.,https://hh.ru/vacancy/72008668?query=data+engineer,hh.ru
233,Инженер данных (Frontend),ЗП не указана,https://hh.ru/vacancy/69354887?query=data+engineer,hh.ru
234,Software Engineer (C/C++),ЗП не указана,https://hh.ru/vacancy/73522780?query=data+engineer,hh.ru
235,BigData DevOps engineer,ЗП не указана,https://hh.ru/vacancy/73696728?query=data+engineer,hh.ru
236,Lead Data Scientist (Разработчик AI/ML),ЗП не указана,https://hh.ru/vacancy/72285658?query=data+engineer,hh.ru
237,Разработчик SQL/Data инженер,ЗП не указана,https://hh.ru/vacancy/73236467?query=data+engineer,hh.ru
238,Software Developing Engineer,ЗП не указана,https://hh.ru/vacancy/73704324?query=data+engineer,hh.ru
239,Crypto Analyst,ЗП не указана,https://hh.ru/vacancy/73719435?query=data+engineer,hh.ru
240,Разработчик ETL(Hadoop),ЗП не указана,https://hh.ru/vacancy/73502011?query=data+engineer,hh.ru
241,Senior Data Scientist/ML Engineer SberDevices,ЗП не указана,https://hh.ru/vacancy/67924416?query=data+engineer,hh.ru
242,Product Owner на развитие хранилища данных (Data Governance),ЗП не указана,https://hh.ru/vacancy/72141937?query=data+engineer,hh.ru
243,"Senior Machine Learning Engineer (Prediction, Autonomous Driving)",ЗП не указана,https://hh.ru/vacancy/73243254?query=data+engineer,hh.ru
244,DevOps инженер (Bigdata),ЗП не указана,https://hh.ru/vacancy/73084933?query=data+engineer,hh.ru
245,Data Scientist,ЗП не указана,https://hh.ru/vacancy/71291372?query=data+engineer,hh.ru
246,Data Scientist (SberDevices),ЗП не указана,https://hh.ru/vacancy/68148229?query=data+engineer,hh.ru
247,ML Engineer / Data Scientist в команду автоматизации ML-процессов,ЗП не указана,https://hh.ru/vacancy/73202153?query=data+engineer,hh.ru
248,Data engineer (junior),ЗП не указана,https://hh.ru/vacancy/74059888?query=data+engineer,hh.ru
249,Data Engineer,100 000 – 120 000 руб.,https://hh.ru/vacancy/72996448?query=data+engineer,hh.ru
250,Стажер Data Engineer,ЗП не указана,https://hh.ru/vacancy/71889586?query=data+engineer,hh.ru
251,Data engineer (направление предиктивной аналитики),ЗП не указана,https://hh.ru/vacancy/71083302?query=data+engineer,hh.ru
252,QA Engineer (Data),3 300 – 4 500 EUR,https://hh.ru/vacancy/73859927?query=data+engineer,hh.ru
253,Junior + Data Engineer в СберМаркет,ЗП не указана,https://hh.ru/vacancy/73445824?query=data+engineer,hh.ru
254,Data Scientist,ЗП не указана,https://hh.ru/vacancy/73392072?query=data+engineer,hh.ru
255,Data Scientist (Разработчик AI/ML),ЗП не указана,https://hh.ru/vacancy/72285842?query=data+engineer,hh.ru
256,SRE-инженер,ЗП не указана,https://hh.ru/vacancy/72786238?query=data+engineer,hh.ru
257,Python developer (Ds направление),ЗП не указана,https://hh.ru/vacancy/70460170?query=data+engineer,hh.ru
258,Technical Lead,ЗП не указана,https://hh.ru/vacancy/74050476?query=data+engineer,hh.ru
259,Разработчик Hadoop Big Data (стрим Витрины ПИК),ЗП не указана,https://hh.ru/vacancy/74160178?query=data+engineer,hh.ru
260,ETL разработчик Hadoop (Решения для моделирования),ЗП не указана,https://hh.ru/vacancy/73771758?query=data+engineer,hh.ru
261,C++ инженер,ЗП не указана,https://hh.ru/vacancy/73711022?query=data+engineer,hh.ru
262,Старший аналитик данных,ЗП не указана,https://hh.ru/vacancy/73853949?query=data+engineer,hh.ru
263,Customer & Product Developer (CPD),ЗП не указана,https://hh.ru/vacancy/73203088?query=data+engineer,hh.ru
264,Technical Engineer (Onsite/IT support/L2),ЗП не указана,https://hh.ru/vacancy/73122553?query=data+engineer,hh.ru
265,ML Team Lead на продукт MTS Travel (Big Data),ЗП не указана,https://hh.ru/vacancy/74099718?query=data+engineer,hh.ru
266,Разработчик C++ (Middle),ЗП не указана,https://hh.ru/vacancy/73575657?query=data+engineer,hh.ru
267,RnD разработчик,ЗП не указана,https://hh.ru/vacancy/74186160?query=data+engineer,hh.ru
268,Senior C++ developer/ Старший инженер-программист С++ (Data Services),ЗП не указана,https://hh.ru/vacancy/72866550?query=data+engineer,hh.ru
269,DB Developer / Разработчик Базы Данных,ЗП не указана,https://hh.ru/vacancy/72367921?query=data+engineer,hh.ru
270,Руководитель отдела дата разработки,ЗП не указана,https://hh.ru/vacancy/71673341?query=data+engineer,hh.ru
271,Ведущий инженер (поддержка и эксплуатация бизнес приложений),ЗП не указана,https://hh.ru/vacancy/73204610?query=data+engineer,hh.ru
272,Системный инженер (VDI),ЗП не указана,https://hh.ru/vacancy/74086690?query=data+engineer,hh.ru
273,"Solution Architect, to Armenia",ЗП не указана,https://hh.ru/vacancy/74030709?query=data+engineer,hh.ru
274,Data инженер/Архитектор BI/Cистемный аналитик,ЗП не указана,https://hh.ru/vacancy/74048480?query=data+engineer,hh.ru
275,Senior Internal Auditor,ЗП не указана,https://hh.ru/vacancy/74178560?query=data+engineer,hh.ru
276,Инженер сопровождения инфраструктуры (Data Platform),ЗП не указана,https://hh.ru/vacancy/74048231?query=data+engineer,hh.ru
277,Прикладной Администратор Master Data Management (инженер L2),ЗП не указана,https://hh.ru/vacancy/74120538?query=data+engineer,hh.ru
278,Go developer Senior [DSP],ЗП не указана,https://hh.ru/vacancy/74004027?query=data+engineer,hh.ru
279,Инженер по эксплуатации приложений,ЗП не указана,https://hh.ru/vacancy/73728027?query=data+engineer,hh.ru
280,"Senior C++ Developer (Germany, Munich)",5 400 – 6 600 EUR,https://hh.ru/vacancy/73995783?query=data+engineer,hh.ru
281,Mobile Developer at a booking platform,ЗП не указана,https://hh.ru/vacancy/74037804?query=data+engineer,hh.ru
282,Главный инженер по разработке,ЗП не указана,https://hh.ru/vacancy/74040537?query=data+engineer,hh.ru
283,Сетевой инженер,ЗП не указана,https://hh.ru/vacancy/74007623?query=data+engineer,hh.ru
284,"Программист C#, SQL",ЗП не указана,https://hh.ru/vacancy/73102383?query=data+engineer,hh.ru
285,Архитектор по информационной безопасности / Инженер по информационной безопасности,ЗП не указана,https://hh.ru/vacancy/74007596?query=data+engineer,hh.ru
286,Системный аналитик на продукт Скоринг (Big Data),ЗП не указана,https://hh.ru/vacancy/73864679?query=data+engineer,hh.ru
287,Архитектор Data Platform,ЗП не указана,https://hh.ru/vacancy/73845454?query=data+engineer,hh.ru
288,Аналитик данных,ЗП не указана,https://hh.ru/vacancy/74190933?query=data+engineer,hh.ru
289,Инженер по ремонту электро/бензо инструментов,90 000 – 150 000 руб.,https://hh.ru/vacancy/70397368?query=data+engineer,hh.ru
290,Senior Data Engineer,ЗП не указана,https://hh.ru/vacancy/72357617?query=data+engineer,hh.ru
291,Team Lead NLP Engineer,ЗП не указана,https://hh.ru/vacancy/72951544?query=data+engineer,hh.ru
292,Администратор Hadoop,до 300 000 руб.,https://hh.ru/vacancy/73846707?query=data+engineer,hh.ru
293,Scala Team Lead,ЗП не указана,https://hh.ru/vacancy/73713476?query=data+engineer,hh.ru
294,Инженер сопровождения Beeworks,ЗП не указана,https://hh.ru/vacancy/73249970?query=data+engineer,hh.ru
295,Инженер по сопровождению и поддержке ПО,ЗП не указана,https://hh.ru/vacancy/73090607?query=data+engineer,hh.ru
296,DevOps Engineer,ЗП не указана,https://hh.ru/vacancy/73656996?query=data+engineer,hh.ru
297,Python programmer,1 800 – 1 800 EUR,https://hh.ru/vacancy/74037156?query=data+engineer,hh.ru
298,"Инженер по автоматизации тестирования (backend), Хранение и обработка данных",ЗП не указана,https://hh.ru/vacancy/71499163?query=data+engineer,hh.ru
299,Machine Learning Engineer,ЗП не указана,https://hh.ru/vacancy/71140682?query=data+engineer,hh.ru
300,DevOps инженер,ЗП не указана,https://hh.ru/vacancy/73515404?query=data+engineer,hh.ru
301,Инженер DevOps,ЗП не указана,https://hh.ru/vacancy/72212971?query=data+engineer,hh.ru
302,Ведущий системный аналитик (руководитель группы),ЗП не указана,https://hh.ru/vacancy/73250827?query=data+engineer,hh.ru
303,TechLead Research Engineer (NLP/Speech),300 000 – 400 000 руб.,https://hh.ru/vacancy/54372021?query=data+engineer,hh.ru
304,Linux Kernel Engineer,ЗП не указана,https://hh.ru/vacancy/73715215?query=data+engineer,hh.ru
305,Senior Backend Java Developer//Remote,ЗП не указана,https://hh.ru/vacancy/73813937?query=data+engineer,hh.ru
306,Threat Intelligence Team Lead,ЗП не указана,https://hh.ru/vacancy/73719350?query=data+engineer,hh.ru
307,DevOps engineer (to Serbia),ЗП не указана,https://hh.ru/vacancy/72786137?query=data+engineer,hh.ru
308,Старший инженер эксплуатации,ЗП не указана,https://hh.ru/vacancy/73538033?query=data+engineer,hh.ru
309,Middle инженер тестирования,ЗП не указана,https://hh.ru/vacancy/74154321?query=data+engineer,hh.ru
310,Frontend Engineer (React),5 000 – 7 000 USD,https://hh.ru/vacancy/73065381?query=data+engineer,hh.ru
311,Support engineer L2,ЗП не указана,https://hh.ru/vacancy/74030717?query=data+engineer,hh.ru
312,Инженер HADOOP,ЗП не указана,https://hh.ru/vacancy/70740546?query=data+engineer,hh.ru
313,Senior DL Optical engineer в центр робототехники Сбера,ЗП не указана,https://hh.ru/vacancy/73727615?query=data+engineer,hh.ru
314,Руководитель отдела аналитики и маркетинговых исследований,ЗП не указана,https://hh.ru/vacancy/72935069?query=data+engineer,hh.ru
315,DevOps\SRE инженер,ЗП не указана,https://hh.ru/vacancy/72391137?query=data+engineer,hh.ru
316,Инженер по автоматизированному тестированию (Python),ЗП не указана,https://hh.ru/vacancy/74025820?query=data+engineer,hh.ru
317,Инженер сопровождения,ЗП не указана,https://hh.ru/vacancy/72279823?query=data+engineer,hh.ru
318,Инженер по тестированию (Мобильное приложение),ЗП не указана,https://hh.ru/vacancy/73910634?query=data+engineer,hh.ru
319,"Инженер данных (качество сервисов,SLA)",ЗП не указана,https://hh.ru/vacancy/70972871?query=data+engineer,hh.ru
320,Java-разработчик,ЗП не указана,https://hh.ru/vacancy/69850125?query=data+engineer,hh.ru
321,Руководитель ECM платформы,ЗП не указана,https://hh.ru/vacancy/74177536?query=data+engineer,hh.ru
322,Performance Data Collection Engineer,ЗП не указана,https://hh.ru/vacancy/73404665?query=data+engineer,hh.ru
323,Routing and Quality Manager (Voice),от 100 000 руб.,https://hh.ru/vacancy/73587095?query=data+engineer,hh.ru
324,Pre-sale engineer,ЗП не указана,https://hh.ru/vacancy/73450782?query=data+engineer,hh.ru
325,Инженер по внедрению базовых сервисов и инфраструктуры (DevOps),ЗП не указана,https://hh.ru/vacancy/73472976?query=data+engineer,hh.ru
326,Sen DevOps engineer,ЗП не указана,https://hh.ru/vacancy/72951414?query=data+engineer,hh.ru
327,Специалист по информационной безопасности / DevSecOps инженер,ЗП не указана,https://hh.ru/vacancy/72819577?query=data+engineer,hh.ru
328,"Senior DevOps (ML Ops, Cloud Architect, Mobile)",180 000 – 220 000 руб.,https://hh.ru/vacancy/73475054?query=data+engineer,hh.ru
329,DevOps инженер (middle),ЗП не указана,https://hh.ru/vacancy/72752903?query=data+engineer,hh.ru
330,Ведущий разработчик [Oracle Siebel CRM],ЗП не указана,https://hh.ru/vacancy/73383958?query=data+engineer,hh.ru
331,Java-разработчик (банковское ПО),ЗП не указана,https://hh.ru/vacancy/72757966?query=data+engineer,hh.ru
332,Senior/Middle Python разработчик,ЗП не указана,https://hh.ru/vacancy/72925976?query=data+engineer,hh.ru
333,Product Manager for Crypto-Fiat Projects,ЗП не указана,https://hh.ru/vacancy/73893792?query=data+engineer,hh.ru
334,Дата-инженер в команду BI,ЗП не указана,https://hh.ru/vacancy/73398311?query=data+engineer,hh.ru
335,Head of Engineering | Remote | Banking,ЗП не указана,https://hh.ru/vacancy/68973616?query=data+engineer,hh.ru
336,QA Automation engineer,ЗП не указана,https://hh.ru/vacancy/73989359?query=data+engineer,hh.ru
337,Ведущий инженер (облачные кассы),ЗП не указана,https://hh.ru/vacancy/73196678?query=data+engineer,hh.ru
338,Hardware Installation Engineer,ЗП не указана,https://hh.ru/vacancy/73886438?query=data+engineer,hh.ru
339,Senior SEO-Specialist,до 2 500 USD,https://hh.ru/vacancy/74150939?query=data+engineer,hh.ru
340,Старший продуктовый аналитик в команду «Поиск заказов»,250 000 – 350 000 руб.,https://hh.ru/vacancy/67773818?query=data+engineer,hh.ru
341,Инженер по информационной безопасности,ЗП не указана,https://hh.ru/vacancy/72665231?query=data+engineer,hh.ru
342,Devops team lead,ЗП не указана,https://hh.ru/vacancy/72810052?query=data+engineer,hh.ru
343,Group Chief risk officer (Russia and CEE),ЗП не указана,https://hh.ru/vacancy/67265720?query=data+engineer,hh.ru
344,Системный администратор BI-платформы (Qlik),ЗП не указана,https://hh.ru/vacancy/72489849?query=data+engineer,hh.ru
345,Ведущий инженер автоматизации тестирования (Java) / AQA back,ЗП не указана,https://hh.ru/vacancy/74124671?query=data+engineer,hh.ru
346,Специалист MS SQL,ЗП не указана,https://hh.ru/vacancy/70034071?query=data+engineer,hh.ru
347,Системный архитектор,ЗП не указана,https://hh.ru/vacancy/74135634?query=data+engineer,hh.ru
348,Assistant Professor - Software Development and Engineering,ЗП не указана,https://hh.ru/vacancy/73329620?query=data+engineer,hh.ru
349,Middle DevOps инженер,ЗП не указана,https://hh.ru/vacancy/73089019?query=data+engineer,hh.ru
350,Контент-менеджер,20 000 – 50 000 руб.,https://hh.ru/vacancy/72759805?query=data+engineer,hh.ru
351,Senior QA automation engineer,ЗП не указана,https://hh.ru/vacancy/72478666?query=data+engineer,hh.ru
352,Инженер данных(стажер),ЗП не указана,https://hh.ru/vacancy/73592939?query=data+engineer,hh.ru
353,Senior Front-end developer,от 3 500 EUR,https://hh.ru/vacancy/74114271?query=data+engineer,hh.ru
354,DevOps инженер,ЗП не указана,https://hh.ru/vacancy/72138865?query=data+engineer,hh.ru
355,Team lead Java,ЗП не указана,https://hh.ru/vacancy/73012419?query=data+engineer,hh.ru
356,Инженер сетей хранения данных и СРК,ЗП не указана,https://hh.ru/vacancy/71835864?query=data+engineer,hh.ru
357,Data Scientist (Senior),ЗП не указана,https://hh.ru/vacancy/74091926?query=data+engineer,hh.ru
358,Ведущий разработчик C [MTS NaaS],ЗП не указана,https://hh.ru/vacancy/70467830?query=data+engineer,hh.ru
359,Инженер поддержки приложений (UCP),ЗП не указана,https://hh.ru/vacancy/73145408?query=data+engineer,hh.ru
360,Ведущий инженер отдела эксплуатации,ЗП не указана,https://hh.ru/vacancy/73044334?query=data+engineer,hh.ru
361,"Algorithms and Models Engineer for L2+ layer (4G/LTE, 5G)",ЗП не указана,https://hh.ru/vacancy/72822744?query=data+engineer,hh.ru
362,Requirements and Specification Engineer (RSE),ЗП не указана,https://hh.ru/vacancy/72822748?query=data+engineer,hh.ru
363,Project Engineer,ЗП не указана,https://hh.ru/vacancy/73863330?query=data+engineer,hh.ru
364,Senior Product Manager,ЗП не указана,https://hh.ru/vacancy/74103546?query=data+engineer,hh.ru
365,Ведущий системный инженер PostgreSQL,ЗП не указана,https://hh.ru/vacancy/74085415?query=data+engineer,hh.ru
366,Middle QA Auto Engineer,120 000 – 180 000 руб.,https://hh.ru/vacancy/74088101?query=data+engineer,hh.ru
367,Contracts Specialist,ЗП не указана,https://hh.ru/vacancy/73776638?query=data+engineer,hh.ru
368,Администратор баз данных (DBA),ЗП не указана,https://hh.ru/vacancy/55087027?query=data+engineer,hh.ru
369,Системный администратор Linux,ЗП не указана,https://hh.ru/vacancy/72462061?query=data+engineer,hh.ru
370,Lead / Architect .NET developer,ЗП не указана,https://hh.ru/vacancy/74075883?query=data+engineer,hh.ru
371,Senior Gateway Engineer,от 5 000 USD,https://hh.ru/vacancy/74062673?query=data+engineer,hh.ru
372,"Data Engineer, Платформа, Обработка и хранение данных",ЗП не указана,https://hh.ru/vacancy/72692174?query=data+engineer,hh.ru
373,Data Analyst,ЗП не указана,https://hh.ru/vacancy/74046414?query=data+engineer,hh.ru
374,BI Reporting Engineer,ЗП не указана,https://hh.ru/vacancy/74044007?query=data+engineer,hh.ru
375,Руководитель трайба клиентских путей / Tech lead Java / Python (CJ Monitoring & Discovery),ЗП не указана,https://hh.ru/vacancy/74053566?query=data+engineer,hh.ru
376,"Инженер Hadoop ops, Платформа, Хранение и обработка данных",ЗП не указана,https://hh.ru/vacancy/69991419?query=data+engineer,hh.ru
377,Lead Product Analyst (WMS),ЗП не указана,https://hh.ru/vacancy/74040948?query=data+engineer,hh.ru
378,English tutor for IT,ЗП не указана,https://hh.ru/vacancy/70973447?query=data+engineer,hh.ru
379,Продуктовый аналитик в команду «Метамодель»,ЗП не указана,https://hh.ru/vacancy/67163666?query=data+engineer,hh.ru
380,Аналитик-исследователь в команду маркетинговой аналитики,ЗП не указана,https://hh.ru/vacancy/71347258?query=data+engineer,hh.ru
381,Специалист по планированию ТОиР / Maintenance Planner,ЗП не указана,https://hh.ru/vacancy/73890798?query=data+engineer,hh.ru
382,Продуктовый аналитик в команду «Поиск заказов»,ЗП не указана,https://hh.ru/vacancy/71398844?query=data+engineer,hh.ru
383,"Старший аналитик, Поиск и Каталог",ЗП не указана,https://hh.ru/vacancy/69496682?query=data+engineer,hh.ru
384,Контент- менеджер в группу по работе с внутренними ИТ-сообществами,ЗП не указана,https://hh.ru/vacancy/74056971?query=data+engineer,hh.ru
385,Senior Internal Auditor,ЗП не указана,https://hh.ru/vacancy/72752394?query=data+engineer,hh.ru
386,Специалист по закупкам и планированию,до 150 000 руб.,https://hh.ru/vacancy/74039004?query=data+engineer,hh.ru
387,Senior Data Scientist,от 300 000 руб.,https://hh.ru/vacancy/72012099?query=data+engineer,hh.ru
388,Дата инженер,ЗП не указана,https://hh.ru/vacancy/74010302?query=data+engineer,hh.ru
389,Senior Infrastructure/DevOps Engineer,от 4 500 USD,https://hh.ru/vacancy/72706411?query=data+engineer,hh.ru
390,QA-инженер,ЗП не указана,https://hh.ru/vacancy/74015171?query=data+engineer,hh.ru
391,Python Team Lead (SberData),ЗП не указана,https://hh.ru/vacancy/69491556?query=data+engineer,hh.ru
392,Python разработчик в CM.Expert (Яндекс Вертикали),ЗП не указана,https://hh.ru/vacancy/72805901?query=data+engineer,hh.ru
393,Inspection Officer (POSE),ЗП не указана,https://hh.ru/vacancy/72671043?query=data+engineer,hh.ru
394,Инженер ИТ инфраструктуры,ЗП не указана,https://hh.ru/vacancy/72298504?query=data+engineer,hh.ru
395,Реверс-инженер,ЗП не указана,https://hh.ru/vacancy/69772122?query=data+engineer,hh.ru
396,SDET,ЗП не указана,https://hh.ru/vacancy/73985223?query=data+engineer,hh.ru
397,Инженер группы эксплуатации сети,ЗП не указана,https://hh.ru/vacancy/72206555?query=data+engineer,hh.ru
398,Системный администратор Linux,ЗП не указана,https://hh.ru/vacancy/71573026?query=data+engineer,hh.ru
399,Ведущий инженер-конструктор в команду робототехники Маркета,ЗП не указана,https://hh.ru/vacancy/74001373?query=data+engineer,hh.ru
400,Middle QA Automation Engineer,ЗП не указана,https://hh.ru/vacancy/70699968?query=data+engineer,hh.ru
401,Инженер по информационной безопасности,ЗП не указана,https://hh.ru/vacancy/72124082?query=data+engineer,hh.ru
402,IT recruiter (middle),ЗП не указана,https://hh.ru/vacancy/73912592?query=data+engineer,hh.ru
403,Middle ML Engineer,ЗП не указана,https://hh.ru/vacancy/73872273?query=data+engineer,hh.ru
404,Middle/Senior QA Engineer (Web),ЗП не указана,https://hh.ru/vacancy/73887594?query=data+engineer,hh.ru
405,Системный аналитик на продукт Скоринг (Big Data),ЗП не указана,https://hh.ru/vacancy/73864679?query=data+engineer,hh.ru
406,Руководитель отдела контроля качества,ЗП не указана,https://hh.ru/vacancy/72397654?query=data+engineer,hh.ru
407,Automation & Digitalization Team Leader,ЗП не указана,https://hh.ru/vacancy/73353876?query=data+engineer,hh.ru
408,Архитектор Data Platform,ЗП не указана,https://hh.ru/vacancy/73845454?query=data+engineer,hh.ru
409,DevOps инженер/Системный Администратор Linux,ЗП не указана,https://hh.ru/vacancy/55566015?query=data+engineer,hh.ru
410,Hadoop\Python Developer(Middle\Senior),ЗП не указана,https://hh.ru/vacancy/73044146?query=data+engineer,hh.ru
411,Team Lead NLP Engineer,ЗП не указана,https://hh.ru/vacancy/72951544?query=data+engineer,hh.ru
412,"QA Engineer for multinational IT company, remote",от 200 000 руб.,https://hh.ru/vacancy/73850095?query=data+engineer,hh.ru
413,Senior DevOps engineer/DevOps engineer (Kubernetes),ЗП не указана,https://hh.ru/vacancy/66218950?query=data+engineer,hh.ru
414,Java-разработчик в Эквайринг,ЗП не указана,https://hh.ru/vacancy/73866964?query=data+engineer,hh.ru
415,Разработчик Hadoop Big Data (стрим Витрины ПИК),ЗП не указана,https://hh.ru/vacancy/72048399?query=data+engineer,hh.ru
416,Middle Java разработчик (Анализ состояния клиента),ЗП не указана,https://hh.ru/vacancy/73868522?query=data+engineer,hh.ru
417,Middle Backend Java Developer,от 200 000 руб.,https://hh.ru/vacancy/73849977?query=data+engineer,hh.ru
418,Senior Data Engineer,ЗП не указана,https://hh.ru/vacancy/72357617?query=data+engineer,hh.ru
419,Head of QA,ЗП не указана,https://hh.ru/vacancy/73866882?query=data+engineer,hh.ru
420,Data analyst / Data engineer / Руководитель отдела аналитики,150 000 – 300 000 руб.,https://hh.ru/vacancy/71314260?query=data+engineer,hh.ru
421,Middle/Senior Java разработчик,ЗП не указана,https://hh.ru/vacancy/73020647?query=data+engineer,hh.ru
422,Construction Progress Engineer,ЗП не указана,https://hh.ru/vacancy/73833879?query=data+engineer,hh.ru
423,Product Owner (B2C),ЗП не указана,https://hh.ru/vacancy/72873181?query=data+engineer,hh.ru
424,Procurement Progress Engineer,ЗП не указана,https://hh.ru/vacancy/73833884?query=data+engineer,hh.ru
425,Marketing Manager APAC,от 80 000 руб.,https://hh.ru/vacancy/72413751?query=data+engineer,hh.ru
426,DevOps-инженер,ЗП не указана,https://hh.ru/vacancy/71509355?query=data+engineer,hh.ru
427,QA Engineer Remote,ЗП не указана,https://hh.ru/vacancy/72347308?query=data+engineer,hh.ru
428,"ML инженер, Эффективность рекламы",ЗП не указана,https://hh.ru/vacancy/68218896?query=data+engineer,hh.ru
429,"Аналитик данных, Аналитика поиска",ЗП не указана,https://hh.ru/vacancy/67337786?query=data+engineer,hh.ru
430,Product Manager (Middle or Senior),ЗП не указана,https://hh.ru/vacancy/73813983?query=data+engineer,hh.ru
431,Системный аналитик,от 230 000 руб.,https://hh.ru/vacancy/72750099?query=data+engineer,hh.ru
432,Product manager,ЗП не указана,https://hh.ru/vacancy/73827998?query=data+engineer,hh.ru
433,Delivery manager,ЗП не указана,https://hh.ru/vacancy/73814073?query=data+engineer,hh.ru
434,Старший инженер по технической поддержке (Администратор БД),ЗП не указана,https://hh.ru/vacancy/55065844?query=data+engineer,hh.ru
435,Старший инженер (сопровождение АБС),ЗП не указана,https://hh.ru/vacancy/73532724?query=data+engineer,hh.ru
436,Руководитель Лаборатории искусственного интеллекта,ЗП не указана,https://hh.ru/vacancy/73823319?query=data+engineer,hh.ru
437,СТО (Реклама),ЗП не указана,https://hh.ru/vacancy/73734320?query=data+engineer,hh.ru
438,Java-разработчик,ЗП не указана,https://hh.ru/vacancy/73812902?query=data+engineer,hh.ru
439,Data Scientist (ML Space),ЗП не указана,https://hh.ru/vacancy/73767496?query=data+engineer,hh.ru
440,Аналитик в Центр Компетенций Управления Данными,ЗП не указана,https://hh.ru/vacancy/70341726?query=data+engineer,hh.ru
441,Java Developer,ЗП не указана,https://hh.ru/vacancy/70837691?query=data+engineer,hh.ru
442,"DevOps - инженер (Docker, Kubernetes)",ЗП не указана,https://hh.ru/vacancy/73756725?query=data+engineer,hh.ru
443,Главный архитектор данных / Chief data architect,ЗП не указана,https://hh.ru/vacancy/73470423?query=data+engineer,hh.ru
444,Директор по разработке моделей,ЗП не указана,https://hh.ru/vacancy/68840451?query=data+engineer,hh.ru
445,Reliability Leader,ЗП не указана,https://hh.ru/vacancy/73767849?query=data+engineer,hh.ru
446,Junior Data Engineer/ BI Аналитик,ЗП не указана,https://hh.ru/vacancy/71547628?query=data+engineer,hh.ru
447,"Technical Support Engineer, to Armenia",ЗП не указана,https://hh.ru/vacancy/73717456?query=data+engineer,hh.ru
448,Senior Growth Analyst,ЗП не указана,https://hh.ru/vacancy/73731104?query=data+engineer,hh.ru
449,PHP Developer (команда пользователей и онбординга ВКонтакте),ЗП не указана,https://hh.ru/vacancy/73100947?query=data+engineer,hh.ru
450,Главный архитектор данных / Chief data architect,ЗП не указана,https://hh.ru/vacancy/73470423?query=data+engineer,hh.ru
451,Директор по разработке моделей,ЗП не указана,https://hh.ru/vacancy/68840451?query=data+engineer,hh.ru
452,Reliability Leader,ЗП не указана,https://hh.ru/vacancy/73767849?query=data+engineer,hh.ru
453,Junior Data Engineer/ BI Аналитик,ЗП не указана,https://hh.ru/vacancy/71547628?query=data+engineer,hh.ru
454,"Technical Support Engineer, to Armenia",ЗП не указана,https://hh.ru/vacancy/73717456?query=data+engineer,hh.ru
455,Senior Growth Analyst,ЗП не указана,https://hh.ru/vacancy/73731104?query=data+engineer,hh.ru
456,PHP Developer (команда пользователей и онбординга ВКонтакте),ЗП не указана,https://hh.ru/vacancy/73100947?query=data+engineer,hh.ru
457,Java разработчик в Tinkoff Black,ЗП не указана,https://hh.ru/vacancy/67666737?query=data+engineer,hh.ru
458,Бизнес-аналитик (ETL),ЗП не указана,https://hh.ru/vacancy/72710528?query=data+engineer,hh.ru
459,Financial data analyst,ЗП не указана,https://hh.ru/vacancy/73717838?query=data+engineer,hh.ru
460,DevOps инженер (Big Data),ЗП не указана,https://hh.ru/vacancy/70513311?query=data+engineer,hh.ru
461,QA engineer (Проект Customer Data Platform),ЗП не указана,https://hh.ru/vacancy/72698979?query=data+engineer,hh.ru
462,Middle QA engineer на продукт Golden Record (Big Data),ЗП не указана,https://hh.ru/vacancy/73698970?query=data+engineer,hh.ru
463,Enterprise architect,ЗП не указана,https://hh.ru/vacancy/72360551?query=data+engineer,hh.ru
464,Senior Backend Developer,5 000 – 7 000 USD,https://hh.ru/vacancy/73670579?query=data+engineer,hh.ru
465,Администратор баз данных / DBA,ЗП не указана,https://hh.ru/vacancy/68438092?query=data+engineer,hh.ru
466,Microservices Developer,ЗП не указана,https://hh.ru/vacancy/73709766?query=data+engineer,hh.ru
467,SRE/DevOps (IT продукт/CDP платформа),ЗП не указана,https://hh.ru/vacancy/68073855?query=data+engineer,hh.ru
468,QA Automation Engineer,ЗП не указана,https://hh.ru/vacancy/73693350?query=data+engineer,hh.ru
469,Senior Product Owner Anti-Fraud,ЗП не указана,https://hh.ru/vacancy/72376226?query=data+engineer,hh.ru
470,Senior/Middle Data Engineer (Promo Forecast),ЗП не указана,https://hh.ru/vacancy/71066733?query=data+engineer,hh.ru
471,Менеджер продукта в команду сообществ,ЗП не указана,https://hh.ru/vacancy/71786207?query=data+engineer,hh.ru
472,Главный инженер по качеству,ЗП не указана,https://hh.ru/vacancy/72084949?query=data+engineer,hh.ru
473,Performance Marketing Communication Manager,ЗП не указана,https://hh.ru/vacancy/73906733?query=data+engineer,hh.ru
474,"Machine learning engineer (проект ""Группы"")",ЗП не указана,https://hh.ru/vacancy/68447647?query=data+engineer,hh.ru
475,Senior Product Analyst (Офис),250 000 – 400 000 руб.,https://hh.ru/vacancy/73582718?query=data+engineer,hh.ru
476,Senior Data Scientist (Rec. system),ЗП не указана,https://hh.ru/vacancy/73596842?query=data+engineer,hh.ru
477,Middle Data analyst,ЗП не указана,https://hh.ru/vacancy/73500462?query=data+engineer,hh.ru
478,Customer Success Manager,ЗП не указана,https://hh.ru/vacancy/73589267?query=data+engineer,hh.ru
479,Senior QA auto Python [DSP],ЗП не указана,https://hh.ru/vacancy/73518616?query=data+engineer,hh.ru
480,Auto QA инженер (тестирование),ЗП не указана,https://hh.ru/vacancy/71575377?query=data+engineer,hh.ru
481,Data analyst [B2B Sales],ЗП не указана,https://hh.ru/vacancy/73538879?query=data+engineer,hh.ru
482,Senior QA Automation Engineer,от 3 000 EUR,https://hh.ru/vacancy/71607181?query=data+engineer,hh.ru
483,Руководитель R&D / ML Research Lead (MY.GAMES),ЗП не указана,https://hh.ru/vacancy/72237016?query=data+engineer,hh.ru
484,Product Researcher / Finance Analyst,65 000 – 85 000 руб.,https://hh.ru/vacancy/73506775?query=data+engineer,hh.ru
485,Senior DBA / Администратор баз данных,ЗП не указана,https://hh.ru/vacancy/73541299?query=data+engineer,hh.ru
486,Project Manager,ЗП не указана,https://hh.ru/vacancy/73524980?query=data+engineer,hh.ru
487,Senior JAVA backend & AWS,до 250 000 руб.,https://hh.ru/vacancy/71093380?query=data+engineer,hh.ru
488,DevOps engineer на продукт BI Tools (Big Data),ЗП не указана,https://hh.ru/vacancy/73453669?query=data+engineer,hh.ru
489,"DSP Researcher Scientist, to Armenia",ЗП не указана,https://hh.ru/vacancy/73468748?query=data+engineer,hh.ru
490,Системный инженер,100 000 – 200 000 руб.,https://hh.ru/vacancy/73059111?query=data+engineer,hh.ru
491,Senior Product Owner (криптовалютный процессинг),250 000 – 300 000 руб.,https://hh.ru/vacancy/73763131?query=data+engineer,hh.ru
492,IT Специалист/ Engineer (RPA),ЗП не указана,https://hh.ru/vacancy/73455080?query=data+engineer,hh.ru
493,Big Data Platform Engineer,ЗП не указана,https://hh.ru/vacancy/69027863?query=data+engineer,hh.ru
494,SEO Specialist,ЗП не указана,https://hh.ru/vacancy/73527822?query=data+engineer,hh.ru
495,Senior Expert (Engeeniring Data Managment) \ Главный эксперт по инженерным данным,ЗП не указана,https://hh.ru/vacancy/71114250?query=data+engineer,hh.ru
496,Инженер (LabView),ЗП не указана,https://hh.ru/vacancy/69581088?query=data+engineer,hh.ru
497,Эксперт инженерных данных (EDM \ управление инженерными данными),ЗП не указана,https://hh.ru/vacancy/71112507?query=data+engineer,hh.ru
498,Go Engineer (Golang Developer),ЗП не указана,https://hh.ru/vacancy/68581759?query=data+engineer,hh.ru
499,Lead Java Developer (to Yerevan),ЗП не указана,https://hh.ru/vacancy/73450848?query=data+engineer,hh.ru
